fixed acidity,volatile acidity,citric acid,residual sugar,chlorides,free sulfur dioxide,total sulfur dioxide,density,pH,sulphates,alcohol
0.505795189001795,0.2914994826484715,-0.36446303582288697,0.32720731709723977,-0.13743807686744955,-0.08366944598610641,2.0839936520505993,0.6642772014889682,-0.525554953453468,-0.4021672914252252,-0.8663788579309919
-0.7581717896658999,0.8780795226708262,-1.3914722776605752,-0.45321840673805114,0.2451289181421196,-0.657454052698547,-0.7440402949620619,-0.36394936640372744,0.18716563839642308,-0.3431542145243409,-0.6786443600034721
1.4824969452450147,-0.7699310659634073,1.021999440657992,-0.5241661998139866,0.6489496350966646,-0.9443463560547672,-0.9873120323394952,0.7702799404469636,-0.07200548591262876,0.5420419389889234,-0.5847771110397104
0.44834214451689997,-0.1554186430828458,0.14904158509595705,-0.45321840673805114,-0.4774976279870665,-0.7530848204839538,-0.8960851308229577,0.526473640843539,0.057580076241897156,0.30598963138538604,0.07229363170661092
1.827215212154386,-0.4347424716649192,1.1760508269336454,0.32720731709723977,-0.20119924270237777,0.2988536251555206,0.016183884342416837,1.883308699506032,-0.3311766102216806,2.666512707420758,0.5416298765254124
-0.011282211362261343,0.5428909283723378,-0.36446303582288697,-0.7370095790417932,-0.15869179881242562,1.0638997674387747,2.2056295207393157,0.24026624565692817,-0.9791044209943073,2.725525784321642,-1.2418478537860334
-0.8730778786356905,-0.09955387736643106,-1.340121815568691,-0.31132282058617994,-0.2862141304822818,-0.657454052698547,-0.6528133934455245,-0.5017529270490978,0.12237285731916156,-0.5792065221278776,-0.8663788579309919
0.10362387760752874,-1.9430911460081157,1.22740128902553,-0.5596400963519543,-0.34997529631721036,2.785253587576096,1.262951538401762,-0.79856059613152,0.12237285731916156,0.6010550158898077,1.2925678682354953
1.6548560786997,-0.7140663002469926,1.1760508269336454,-0.38227061366211557,0.2451289181421196,0.2988536251555206,0.10741078585895429,0.5741748733746604,-1.367861107457885,-0.4611803683261096,-0.021573617257149028
1.0803256338507474,-0.9375253631126514,1.8949572962200274,0.25625952402130414,0.7339645228765689,-0.5618232849131403,-0.16626991869065808,0.6642772014889682,-0.525554953453468,0.010924246880965043,1.9496386109818167
-1.5625144124544335,-0.1554186430828458,-0.9293181188336156,-0.16942723443430907,-0.8175571791066835,0.1075920895847071,1.5974501772957326,-1.614781686108166,2.0661562896370476,-0.16611498382168793,2.418974855800618
-0.06873525584715741,-1.8313616145752862,0.8165975922904545,-0.027531648282437888,-0.24370668659232994,1.4464228385804017,0.13781975303113345,-0.014140327842248775,1.418228478864418,0.8961204003942292,-0.021573617257149028
-0.5283596117263187,0.5708233112305452,-1.0320190430173843,-0.09847944135837348,0.05384542063733489,-0.46619251712773346,-0.28790578737937467,0.6112758320099706,0.7703006680917912,0.6010550158898077,-0.6786443600034721
-0.3560004782716331,-1.3844434888439687,0.14904158509595705,-0.38227061366211557,-0.5412587938219947,0.20322285737011386,-0.3791326888959121,-0.8197611439231425,-0.2015910480671547,1.4272380925021877,0.8232316234166939
2.5166517459731286,0.40322901408130096,1.9463077583119117,-0.16942723443430907,-0.5200050718770187,-0.9443463560547672,-0.6528133934455245,1.565300482632046,-1.8214105749987273,-0.520193445226994,-0.49090986207595044
-0.5283596117263187,-0.21128340879926055,-0.41581349791477146,0.32720731709723977,-0.22245296464735387,0.011961321799300349,-0.28790578737937467,-0.07774197121705773,0.3815439816282134,-0.8742719066322993,0.07229363170661092
-0.7007187451810049,-0.5464720030977487,0.76524713019857,2.100902143995628,-0.37122901826218613,1.2551613030095883,2.509719192461107,0.2932676151359258,0.7055078870145267,0.36500270828627035,0.07229363170661092
1.5399499897299098,-1.8313616145752862,1.0733499027498765,-0.38227061366211557,5.431037072716278,-0.9443463560547672,-0.8656761636507785,0.6112758320099706,-0.07200548591262876,0.30598963138538604,0.07229363170661092
-0.7007187451810049,-1.2168491916947248,0.14904158509595705,-0.24037502751024437,-0.7325422913267793,1.9245766775074356,2.448901258116749,-0.13074334069605537,-2.4045456046940923,5.676179629365856,-0.8663788579309919
0.3334360555471099,-1.3285787231275543,0.4057938955553791,-0.45321840673805114,-0.4349901840971144,0.8726382318679612,0.3202735560642083,0.1342635066989329,-0.8495188588397814,4.141839629942865,-0.11544086622090897
-0.41345352275652864,0.7663499912379967,-0.8779676567417312,-0.7370095790417932,-0.4562439060420904,1.0638997674387747,0.25945562171985004,-0.10424265595655655,0.5111295437827393,-0.8742719066322993,-1.0541133558585118
0.6207012779715861,-1.4403082545603836,1.3301022132092988,-0.09847944135837348,-0.2862141304822818,-0.9443463560547672,-0.8656761636507785,-0.2897474491331072,-0.7199332966852555,2.7845388612225253,1.4803023661630152
-0.7581717896658999,0.06804041978281314,-1.3914722776605752,-0.31132282058617994,-0.1799455207574017,2.2114689808636556,0.25945562171985004,-0.6077556660070931,0.5111295437827393,1.0731596310968816,0.9170988723804538
-0.41345352275652864,0.06804041978281314,-0.723916270466078,-0.027531648282437888,0.20262147425216745,0.7770074640825544,0.5939542606138207,0.5847751472704718,0.5111295437827393,-0.2841411376234566,-0.9602461068947519
-0.7007187451810049,-1.0492548945454807,0.046340660912188414,-0.38227061366211557,-0.11618435492247375,1.4464228385804017,0.654772194958179,0.10246268501155782,0.8998862302463171,-1.0513111373349522,-0.9602461068947519
0.27598301106221484,0.12390518549922787,-1.1860704292930377,-0.24037502751024437,0.6702033570416406,-0.17930021377151317,0.2898645888920292,-0.2897474491331072,-0.6551405156079939,-0.3431542145243409,0.4477626275616524
1.4250439007601197,-1.1609844259783102,0.8679480543823389,-0.6660617859658576,-0.5200050718770187,0.011961321799300349,-0.28790578737937467,0.9292840488840153,-0.5903477345307295,0.7190811696915763,-0.3970426131121905
0.16107692209242377,1.520524328409595,-0.8266171946498468,-0.16942723443430907,-0.0736769110325213,-0.37056174934232666,-0.47035959041244957,0.6112758320099706,0.5759223248600008,-1.0513111373349522,-0.49090986207595044
1.1377786783356436,-1.4403082545603836,-0.15906118745534942,-0.31132282058617994,-0.328721574372234,-0.08366944598610641,-0.4095416560680913,-0.6077556660070931,-0.5903477345307295,0.010924246880965043,2.2312403578730984
-1.2177961455450617,-0.49060723738133394,0.6111957439229169,-0.027531648282437888,-0.22245296464735387,-0.9443463560547672,-0.9873120323394952,-0.6342563507465919,1.288642916709892,0.18796347758361737,0.5416298765254124
-0.3560004782716331,2.4143605798722296,-0.36446303582288697,-0.38227061366211557,-0.8600646229966357,-0.08366944598610641,0.41150045758074577,-0.6607570354860908,0.316751200550949,-1.2873634449384892,0.4477626275616524
-1.2177961455450617,0.40322901408130096,-0.9806685809254999,-0.38227061366211557,0.05384542063733489,1.5420536063658086,-0.07504301717412061,-0.9787652523601355,0.8998862302463171,-0.4611803683261096,0.07229363170661092
-0.4709065672414237,0.23563471693205673,-1.2887713534768064,0.0434161447934977,-0.22245296464735387,-0.46619251712773346,-0.34872372172373295,-0.6236560768508395,0.316751200550949,-0.22512806072257227,0.35389537859789244
-0.011282211362261343,-1.3844434888439687,1.0733499027498765,-0.31132282058617994,0.11760658647226313,-0.9443463560547672,-1.0481299666838535,-1.4133764820879868,-0.3311766102216806,-0.22512806072257227,1.8557713620180567
-0.9879839676054811,1.1574033512528992,-1.2887713534768064,3.8036491778180808,0.7339645228765689,4.984761246640452,2.3576743566002114,1.406296374194994,1.029471792400843,-0.7562457528305305,-0.49090986207595044
0.7356073669413762,-0.1554186430828458,0.4571443576472635,0.18531173094536857,0.6064421912067127,0.968268999653368,0.25945562171985004,0.2508665195527395,-0.8495188588397814,0.1289504006827337,0.4477626275616524
-0.12618830033205244,1.9115776884244975,-1.3914722776605752,-0.24037502751024437,-0.0736769110325213,-0.5618232849131403,-0.47035959041244957,-0.09894251900868033,-0.3959693912989421,-0.9332849835331836,-0.5847771110397104
-0.011282211362261343,0.710485225521582,-0.7752667325579624,-0.16942723443430907,-0.09493063297749738,-0.08366944598610641,2.023175717706241,-0.07774197121705773,-0.9143116399170458,0.010924246880965043,-0.5847771110397104
-0.9305309231205855,-0.2671481745156753,-1.2887713534768064,-0.24037502751024437,-0.15869179881242562,1.9245766775074356,1.9623577833618824,-0.79856059613152,-1.367861107457885,-0.7562457528305305,-0.6786443600034721
2.4591987014882335,-1.2168491916947248,2.3057609929551024,-0.24037502751024437,-0.328721574372234,-0.9443463560547672,-0.5311775247568079,1.0352867878420107,-2.79330229115767,0.955133477295113,-0.5847771110397104
-0.24109438930184252,0.40322901408130096,-1.0833695051092689,-0.6660617859658576,-0.3924827402071622,-0.08366944598610641,0.38109149040856666,-0.18374471017511187,-0.07200548591262876,-1.1693372911367206,-0.9602461068947519
-0.011282211362261343,0.40322901408130096,-0.10771072536346497,-0.24037502751024437,0.6489496350966646,-0.657454052698547,-0.2574968202071955,-0.3109479969246709,-1.0438972020715718,-0.7562457528305305,-0.5847771110397104
0.6207012779715861,-0.5464720030977487,-0.15906118745534942,0.18531173094536857,0.09635286452728704,-0.17930021377151317,-0.04463405000194146,0.6642772014889682,-0.7847260777625199,0.42401578518715466,-0.3970426131121905
1.4250439007601197,-0.4347424716649192,0.30309297137161045,-0.027531648282437888,0.2451289181421196,0.3944843929409274,-0.2574968202071955,0.7596796665511523,-0.46076217237620365,0.30598963138538604,0.35389537859789244
3.8380717691257193,-1.7754968488588718,0.8679480543823389,-0.24037502751024437,-0.264960408537306,-0.5618232849131403,-0.6832223606177036,1.7508052758085966,-1.5622394506896755,1.0731596310968816,-1.1479806048222734
0.16107692209242377,0.5987556940887525,2.100359144587565,-0.5241661998139866,6.706260389414843,0.2988536251555206,0.2898645888920292,-0.22614580575829824,-1.8862033560759888,2.902565015024294,-1.0541133558585118
0.6207012779715861,-1.0492548945454807,0.508494819739148,-0.24037502751024437,-0.264960408537306,-1.039977123840174,-1.0177209995116743,0.6642772014889682,-0.5903477345307295,-0.22512806072257227,-1.1479806048222734
1.6548560786997,-1.3844434888439687,1.4841535994849522,-0.45321840673805114,-0.264960408537306,0.1075920895847071,0.41150045758074577,0.6642772014889682,-0.9791044209943073,-0.4611803683261096,-0.5847771110397104
2.3442926125184433,-0.21128340879926055,1.5868545236687206,0.32720731709723977,0.33014380592202364,1.1595305352241814,1.5974501772957326,2.1483155469010202,-0.9791044209943073,2.0173688615110303,1.0109661213442138
0.046170833122633696,-0.9375253631126514,0.25174250927972597,-0.24037502751024437,-0.13743807686744955,1.5420536063658086,0.9892708338521496,-0.18374471017511187,-0.07200548591262876,0.36500270828627035,0.5416298765254124
-0.7007187451810049,1.939510071282705,-1.1347199672011534,2.2427977301474993,-0.11618435492247375,-1.2312386594109874,-0.9873120323394952,0.7066782970721546,0.5759223248600008,-0.8152588297314148,-0.2093081151846706
-0.2985474337867381,0.3473642483648862,0.30309297137161045,-0.38227061366211557,-0.2862141304822818,0.7770074640825544,2.236038487911495,0.028260767740937578,-0.3959693912989421,-0.6972326759296462,-0.9602461068947519
0.6781543224564811,-0.8816605973962368,1.2787517511174142,-0.38227061366211557,0.011337976747383023,-0.37056174934232666,0.13781975303113345,-0.3268484077684173,-0.13679826698989028,-0.4611803683261096,0.6354971254891724
1.884668256639281,-0.6582015345305782,1.5868545236687206,0.18531173094536857,0.18136775230719138,0.8726382318679612,1.658268111640091,1.8515078778186569,-1.1734827642260977,-0.7562457528305305,-0.3970426131121905
-0.41345352275652864,1.1574033512528992,-1.2887713534768064,-0.027531648282437888,-0.34997529631721036,-0.5618232849131403,-0.9873120323394952,-0.7243586788608997,1.288642916709892,0.30598963138538604,1.1987006192717338
-0.9879839676054811,0.5708233112305452,-1.3914722776605752,1.2495286270844015,0.11760658647226313,3.359038194288537,0.9436573830938809,-0.6183559399029044,-0.7199332966852555,-1.228350368037605,-0.8663788579309919
-0.41345352275652864,-0.6582015345305782,-0.6725658083741934,0.32720731709723977,-0.009915745197593352,0.49011516072633415,-0.10545198434629977,-0.18374471017511187,0.057580076241897156,-0.520193445226994,0.07229363170661092
-0.8730778786356905,1.5763890941260097,-1.1347199672011534,-0.38227061366211557,-0.37122901826218613,-0.9443463560547672,-0.9873120323394952,-0.5971553921113406,1.288642916709892,0.010924246880965043,0.35389537859789244
-0.24109438930184252,2.8612787056035476,-1.1347199672011534,-0.24037502751024437,-0.0736769110325213,-0.2749309815569199,-0.5311775247568079,-0.4487515575701001,-0.5903477345307295,-0.6382195990287619,-0.49090986207595044
0.5632482334866911,-0.7140663002469926,1.124700364841761,-0.027531648282437888,-0.052423189087545216,2.115838213078249,2.905035765699436,0.5582744625309729,-0.5903477345307295,-0.6382195990287619,-0.9602461068947519
-1.3327022345148523,-0.21128340879926055,-1.3914722776605752,-0.16942723443430907,-0.4137364621521383,-0.08366944598610641,-0.4095416560680913,-2.0281923680443947,1.742192384250734,-0.4021672914252252,1.9496386109818167
0.046170833122633696,1.0456738198200697,-0.36446303582288697,-0.09847944135837348,-0.24370668659232994,-0.5618232849131403,-0.2574968202071955,0.31976829987542466,-0.007212704835364363,-0.10710190692080361,-0.9602461068947519
-1.102890056575271,1.4925919455513876,-1.3914722776605752,-0.24037502751024437,-0.4774976279870665,1.1595305352241814,0.1682287202033126,-1.5723805905249797,1.1590573545553688,-0.8152588297314148,1.1048333703079738
-0.9879839676054811,0.23563471693205673,-1.2887713534768064,-0.31132282058617994,0.5851884692617366,-0.9443463560547672,-0.9264940979951368,-0.10954279290449162,0.4463367627054749,0.18796347758361737,-0.8663788579309919
-0.8730778786356905,1.6881186255588387,-0.9293181188336156,-0.5241661998139866,-0.2862141304822818,-1.1356078916255807,-0.6528133934455245,-0.7455592266525223,0.4463367627054749,-1.228350368037605,-0.772511608967232
-0.12618830033205244,0.1797699512156426,0.046340660912188414,-0.5951139928899222,5.96238012134068,0.011961321799300349,0.2898645888920292,0.028260767740937578,-1.3030683263806235,3.66973501473579,-1.0541133558585118
-1.8497796348789097,-0.6023367688141634,-1.3914722776605752,-0.5241661998139866,-0.9238257888315639,0.20322285737011386,1.262951538401762,-2.743710856010981,2.3901201950233637,0.42401578518715466,2.9821783495831795
-0.8156248341507949,0.12390518549922787,-0.6212153462823091,-0.24037502751024437,-0.24370668659232994,0.2988536251555206,-0.19667888586283722,-0.3427488186121048,0.6407151059372652,-0.4021672914252252,-0.30317536414843055
-0.6432657006961093,0.40322901408130096,-1.1860704292930377,-0.027531648282437888,-0.24370668659232994,0.20322285737011386,1.262951538401762,0.3727696693544223,1.418228478864418,-0.6382195990287619,-0.8663788579309919
0.046170833122633696,0.7663499912379967,1.740905909944374,-0.38227061366211557,0.5214273034268083,-0.2749309815569199,1.4758143086070161,0.1342635066989329,-0.9791044209943073,-0.6972326759296462,-1.2418478537860334
-0.8730778786356905,0.3473642483648862,-0.8779676567417312,-0.5951139928899222,-0.5200050718770187,1.733315141936622,0.19863768737549173,-0.5017529270490978,0.6407151059372652,0.06993732378184937,-0.6786443600034721
-0.6432657006961093,0.5708233112305452,-1.237420891384922,-0.24037502751024437,-0.15869179881242562,0.1075920895847071,1.262951538401762,0.3727696693544223,1.418228478864418,-0.4611803683261096,-0.5847771110397104
0.39088910003200494,-0.4347424716649192,1.124700364841761,0.0434161447934977,-0.0736769110325213,0.49011516072633415,0.8676349651634331,1.0352867878420107,0.25195841947368747,-0.520193445226994,-0.6786443600034721
-0.06873525584715741,0.5987556940887525,-0.8779676567417312,-0.31132282058617994,-0.30746785242725816,0.8726382318679612,0.41150045758074577,-0.1943449840708643,-0.13679826698989028,0.5420419389889234,0.4477626275616524
-0.7007187451810049,0.5708233112305452,-1.0833695051092689,-0.38227061366211557,-0.09493063297749738,-0.7530848204839538,-0.5311775247568079,0.9557847336235141,2.3253274139460993,0.42401578518715466,-0.772511608967232
-0.06873525584715741,-1.1051196602618953,0.25174250927972597,0.18531173094536857,-0.4349901840971144,-1.1356078916255807,-1.0481299666838535,-1.0688675804744432,-0.07200548591262876,0.6010550158898077,2.2312403578730984
0.6207012779715861,-0.7419986831051999,0.9706489785661079,1.462372006312208,0.1388603084172392,-1.2312386594109874,-1.1089479010282117,-0.1890448471229881,-0.2663838291444162,-0.10710190692080361,1.6680368640905352
1.0803256338507474,-1.3285787231275543,1.124700364841761,0.0434161447934977,-0.605019959656923,-1.039977123840174,-1.0177209995116743,0.4522717235729776,-1.6918250128442014,0.483028862088039,0.07229363170661092
-0.06873525584715741,0.40322901408130096,-0.5185144220985403,-0.16942723443430907,-0.328721574372234,-0.46619251712773346,0.8068170308190747,-0.23674607965410951,-0.7199332966852555,-1.228350368037605,-1.0541133558585118
-0.8156248341507949,0.06804041978281314,-1.1860704292930377,0.32720731709723977,-0.22245296464735387,-0.8487155882693604,-0.5919954591011661,1.0352867878420107,2.4549129761006254,1.486251169403072,-0.9602461068947519
-0.2985474337867381,0.23563471693205673,0.2003920471878415,-0.5241661998139866,-0.3924827402071622,0.968268999653368,2.236038487911495,-0.26324676439360833,-0.13679826698989028,-0.7562457528305305,-1.0541133558585118
0.3334360555471099,-0.2671481745156753,1.3301022132092988,1.036685247856595,0.28763636203207177,-1.2312386594109874,-1.1089479010282117,-0.4699521053617227,-0.6551405156079939,-0.4021672914252252,1.5741696151267752
-1.2177961455450617,0.2914994826484715,-1.3914722776605752,-0.6660617859658576,-0.4774976279870665,-0.7530848204839538,-0.8656761636507785,-0.07774197121705773,1.6126068220962082,1.0731596310968816,-0.9602461068947519
-0.7581717896658999,0.906011905529033,-0.9806685809254999,-0.5241661998139866,0.20262147425216745,0.5857459285117409,1.2933605055739412,-0.4487515575701001,0.18716563839642308,-0.6972326759296462,-1.1479806048222734
0.21852996657731882,-0.6023367688141634,0.9192985164742234,-0.09847944135837348,-0.328721574372234,1.5420536063658086,0.38109149040856666,-0.3056478599767947,0.12237285731916156,0.660068092790692,1.4803023661630152
-0.9879839676054811,-0.043689111650016335,-0.9806685809254999,-0.09847944135837348,-0.37122901826218613,-0.2749309815569199,-0.6224044262733454,-1.678383329482975,0.5759223248600008,0.36500270828627035,1.9496386109818167
-0.7581717896658999,1.5484567112678025,-1.3914722776605752,-0.027531648282437888,-0.4137364621521383,-0.8487155882693604,-0.8048582293064203,0.08126213721993523,1.0942645734781045,-0.5792065221278776,-0.772511608967232
-0.8730778786356905,1.436727179834973,-1.3914722776605752,-0.09847944135837348,0.35139752786699974,-0.17930021377151317,-0.5007685575846287,-0.07774197121705773,1.3534356977871564,-0.6382195990287619,0.26002812963413086
-0.2985474337867381,0.06804041978281314,-0.05636026327158051,-0.38227061366211557,0.011337976747383023,0.6813766962971477,0.04659285151459599,0.7172785709679659,0.6407151059372652,0.483028862088039,-1.1479806048222734
2.5166517459731286,0.40322901408130096,1.124700364841761,0.18531173094536857,-0.264960408537306,-1.039977123840174,-0.8352671964785994,1.406296374194994,-1.1086899831488333,-0.520193445226994,0.9170988723804538
-0.9305309231205855,-0.6582015345305782,0.8165975922904545,0.18531173094536857,-0.24370668659232994,0.5857459285117409,0.2290466545476709,-0.5441540226322841,0.7055078870145267,2.961578091925178,0.16616088067037088
0.44834214451689997,-1.2727139574111397,0.7138966681066855,-0.38227061366211557,-0.4137364621521383,-0.5618232849131403,-0.6832223606177036,-0.803860733079455,-0.2663838291444162,1.132172707997766,1.1987006192717338
0.9654195448809574,-0.8257958316798221,0.5598452818310324,-0.6660617859658576,1.7328894542904434,1.0638997674387747,1.3237694727461202,1.2684928135496238,-1.0438972020715718,-0.04808883001991929,-1.8050513475685948
1.1952317228205385,-0.6582015345305782,1.4328031373930676,0.46910290324911097,-0.24370668659232994,0.5857459285117409,0.2290466545476709,1.5122991131530483,-1.0438972020715718,1.3682250156013032,-0.49090986207595044
-0.41345352275652864,-0.9933901288290662,1.6895554478524895,0.0434161447934977,-0.30746785242725816,0.6813766962971477,-0.07504301717412061,-0.09894251900868033,0.4463367627054749,0.7780942465924606,0.6354971254891724
-0.7581717896658999,-0.5464720030977487,0.4571443576472635,-0.6660617859658576,0.0325916986923591,-0.17930021377151317,-0.28790578737937467,-0.316248133872606,0.18716563839642308,-0.5792065221278776,-1.1479806048222734
-0.5283596117263187,1.436727179834973,-0.41581349791477146,1.8880587647678215,0.1388603084172392,0.2988536251555206,1.5670412101235536,0.20316528702161807,-0.9791044209943073,-0.8152588297314148,-0.8038006919551487
0.7930604114262713,0.906011905529033,0.25174250927972597,-0.027531648282437888,0.011337976747383023,0.5857459285117409,1.3541784399182994,0.6112758320099706,-0.13679826698989028,-0.22512806072257227,-0.30317536414843055
-0.6432657006961093,-0.2671481745156753,-1.0320190430173843,2.100902143995628,0.0325916986923591,-0.5618232849131403,-0.8656761636507785,0.04946131553250133,0.3815439816282134,0.1289504006827337,0.7293643744529322
-0.9305309231205855,-1.3844434888439687,0.046340660912188414,-0.09847944135837348,-1.6039448910707979,1.9245766775074356,1.6278591444679118,-3.236623592165706,-0.3311766102216806,-1.5824288294429105,1.1987006192717338
0.3334360555471099,-0.7140663002469926,0.25174250927972597,2.1718499370715634,-0.009915745197593352,-0.5618232849131403,0.016183884342416837,1.2472922657580012,0.4463367627054749,0.660068092790692,0.07229363170661092
0.9654195448809574,0.1797699512156426,-0.15906118745534942,-0.24037502751024437,-0.1799455207574017,0.2988536251555206,0.3506825232363875,1.2472922657580012,-0.8495188588397814,-0.5792065221278776,-0.30317536414843055
2.4017456570033384,-0.37887770594850445,1.124700364841761,1.3914242132362726,-0.37122901826218613,0.968268999653368,0.07700181868677514,0.7172785709679659,-1.6918250128442014,-0.520193445226994,-0.772511608967232
-0.2985474337867381,0.12390518549922787,-1.3914722776605752,-0.5951139928899222,-0.37122901826218613,-0.8487155882693604,-0.8960851308229577,-0.0830421081649928,-0.3311766102216806,-0.10710190692080361,-0.9602461068947519
-0.5858126562112143,0.2914994826484715,0.14904158509595705,-0.09847944135837348,-0.2862141304822818,-0.08366944598610641,0.25945562171985004,0.028260767740937578,0.9646790113235786,-0.4021672914252252,-0.2093081151846706
-0.24109438930184252,0.012175654066398402,-0.15906118745534942,-0.38227061366211557,-0.328721574372234,-0.08366944598610641,1.7799039803288075,-0.39575018809110246,-0.2663838291444162,-0.6972326759296462,-0.9602461068947519
1.0803256338507474,-0.21128340879926055,1.8436068341281429,0.25625952402130414,-0.328721574372234,-0.5618232849131403,-0.6224044262733454,0.028260767740937578,-0.9791044209943073,0.7190811696915763,1.9496386109818167
-0.5283596117263187,-0.6582015345305782,-0.15906118745534942,-0.5241661998139866,-0.4562439060420904,0.20322285737011386,0.016183884342416837,-0.6077556660070931,0.3815439816282134,-0.22512806072257227,-0.021573617257149028
-0.6432657006961093,0.6546204598051673,-1.3914722776605752,-0.45321840673805114,0.20262147425216745,-0.08366944598610641,-0.22708785303501636,0.0017600830014387516,0.3815439816282134,-0.4611803683261096,-1.1479806048222734
-0.4709065672414237,0.2914994826484715,-0.36446303582288697,-0.38227061366211557,-0.30746785242725816,1.733315141936622,-0.07504301717412061,-0.9575647045685128,-1.367861107457885,-1.3463765218393735,-1.0541133558585118
-1.0454370120903762,2.079171985573742,-1.3914722776605752,-0.6660617859658576,-0.7537960132717553,-0.657454052698547,-0.8960851308229577,-1.1006684021618183,1.2238501356326303,-0.16611498382168793,0.4477626275616524
-0.7581717896658999,-0.6023367688141634,0.4057938955553791,-0.6660617859658576,0.011337976747383023,0.011961321799300349,-0.22708785303501636,-0.3427488186121048,0.18716563839642308,-0.6382195990287619,-1.1479806048222734
-0.24109438930184252,0.09597280264102051,-1.0833695051092689,1.036685247856595,-0.009915745197593352,1.0638997674387747,0.44190942475292494,-0.13074334069605537,0.316751200550949,0.06993732378184937,0.26002812963413086
-1.2177961455450617,0.6266880769469598,-0.9293181188336156,-0.027531648282437888,-0.13743807686744955,-0.08366944598610641,-0.6224044262733454,-0.7243586788608997,1.6773996031734697,-0.16611498382168793,1.4803023661630152
1.1952317228205385,0.12390518549922787,-0.21041164954723374,0.1143639378694333,0.07509914258231097,0.20322285737011386,0.04659285151459599,1.406296374194994,-0.5903477345307295,-0.10710190692080361,-0.11544086622090897
-0.5283596117263187,0.012175654066398402,-0.05636026327158051,-0.38227061366211557,0.28763636203207177,0.011961321799300349,0.7764080636468956,-0.5547542965280954,-1.0438972020715718,-0.520193445226994,-0.9602461068947519
-0.9305309231205855,1.8557129227080829,-1.0320190430173843,-0.38227061366211557,0.26638264008709567,0.3944843929409274,0.3202735560642083,-0.40635046198691377,1.87177794640526,0.483028862088039,1.1987006192717338
-0.3560004782716331,2.6657520255960954,-0.6212153462823091,-0.31132282058617994,0.30889008397704754,-0.46619251712773346,-0.4399506232402704,-0.3745496402994799,-0.525554953453468,-1.0513111373349522,-0.3970426131121905
-0.011282211362261343,-1.2727139574111397,1.124700364841761,0.8947896617047238,0.05384542063733489,-0.46619251712773346,-0.6832223606177036,-0.9363641567769492,-0.2663838291444162,-0.10710190692080361,1.5741696151267752
-0.011282211362261343,0.487026162655923,-0.2617621116391182,0.0434161447934977,-0.009915745197593352,-0.9443463560547672,-0.8352671964785994,0.7702799404469636,-0.3311766102216806,-0.2841411376234566,-1.0541133558585118
-0.3560004782716331,0.5149585455141305,-1.1860704292930377,0.8947896617047238,-0.0736769110325213,0.8726382318679612,-0.04463405000194146,0.5582744625309729,0.18716563839642308,-0.7562457528305305,-0.8663788579309919
0.9079665003960623,0.5708233112305452,-0.15906118745534942,-0.09847944135837348,-0.22245296464735387,-0.9443463560547672,-0.4095416560680913,0.3462689846149235,-1.4326538885351494,-0.520193445226994,-0.9602461068947519
-0.18364134481694747,-0.043689111650016335,-0.10771072536346497,-0.38227061366211557,-0.20119924270237777,0.2988536251555206,0.38109149040856666,-0.3321485447162935,-0.07200548591262876,-1.0513111373349522,-0.2093081151846706
-1.3901552789997473,-1.887226380291701,-0.31311257373100265,-0.5951139928899222,-0.9025720668865879,3.9328228010009774,2.692172995494182,-1.768485657597283,0.057580076241897156,-1.2873634449384892,-0.8663788579309919
0.046170833122633696,0.7942823740962041,-0.41581349791477146,-0.24037502751024437,0.11760658647226313,-0.46619251712773346,0.8676349651634331,0.32506843682335973,-0.7199332966852555,-0.4021672914252252,-1.1479806048222734
0.5632482334866911,-0.5464720030977487,0.8679480543823389,-0.45321840673805114,-0.052423189087545216,-0.657454052698547,-0.7440402949620619,0.17666460228211922,-0.2015910480671547,-0.6382195990287619,-0.8663788579309919
1.597403034214805,-0.6023367688141634,1.021999440657992,0.07889004133146535,-0.052423189087545216,-0.657454052698547,-0.3791326888959121,0.32506843682335973,-0.46076217237620365,0.660068092790692,1.5741696151267752
-0.011282211362261343,-0.21128340879926055,0.4571443576472635,-0.5241661998139866,2.859336717374175,-0.9443463560547672,-0.9264940979951368,0.6642772014889682,-0.8495188588397814,-0.3431542145243409,-0.8663788579309919
0.5632482334866911,-0.9375253631126514,0.6111957439229169,-0.7370095790417932,-0.15869179881242562,2.4027305164344694,0.25945562171985004,-0.12014306680030291,1.029471792400843,0.42401578518715466,0.4477626275616524
0.9654195448809574,-1.1609844259783102,1.638204985760605,-0.24037502751024437,-0.22245296464735387,-1.2312386594109874,-0.9569030651673159,1.406296374194994,-0.7199332966852555,0.7190811696915763,-0.772511608967232
1.2526847673054335,-1.3844434888439687,1.22740128902553,-0.5951139928899222,-0.15869179881242562,-0.5618232849131403,-0.6832223606177036,0.7702799404469636,-0.7199332966852555,1.3682250156013032,-0.9602461068947519
0.9079665003960623,-0.7140663002469926,1.3301022132092988,2.9522756609068543,0.20262147425216745,-0.9443463560547672,-0.8352671964785994,0.982285418363013,-0.2663838291444162,0.955133477295113,1.1987006192717338
-0.2985474337867381,-0.1554186430828458,-0.7752667325579624,-0.5241661998139866,1.9241729517952288,-0.9443463560547672,-0.774449262134241,-0.39575018809110246,-0.2015910480671547,1.2501988617995345,-0.5847771110397104
-0.8730778786356905,0.6825528426633746,-1.2887713534768064,-0.31132282058617994,-0.20119924270237777,-0.7530848204839538,-0.9569030651673159,-0.9363641567769492,0.25195841947368747,-0.22512806072257227,-0.021573617257149028
1.1377786783356436,-1.0492548945454807,1.2787517511174142,0.18531173094536857,1.5203522348406833,-0.08366944598610641,0.8676349651634331,1.6183018521110437,-0.8495188588397814,-0.10710190692080361,-0.9602461068947519
-0.6432657006961093,0.1797699512156426,-0.05636026327158051,-0.38227061366211557,-0.09493063297749738,-0.2749309815569199,1.6278591444679118,-0.4699521053617227,-0.3311766102216806,-0.8152588297314148,-0.49090986207595044
-0.8156248341507949,0.5708233112305452,-1.340121815568691,-0.09847944135837348,-0.24370668659232994,-0.17930021377151317,-0.22708785303501636,-0.8091608700273313,0.18716563839642308,-0.7562457528305305,0.35389537859789244
0.5632482334866911,-0.21128340879926055,0.4571443576472635,-0.5951139928899222,-0.13743807686744955,-1.2312386594109874,-0.9873120323394952,0.14486378059474417,-0.2663838291444162,0.7190811696915763,0.4477626275616524
0.9654195448809574,0.2914994826484715,-0.2617621116391182,-0.45321840673805114,-0.15869179881242562,-0.657454052698547,-0.4399506232402704,0.3462689846149235,-1.1734827642260977,-0.6382195990287619,-0.8663788579309919
2.861370012882501,-1.0492548945454807,1.2787517511174142,0.46910290324911097,0.1388603084172392,0.1075920895847071,0.19863768737549173,2.4663237637751236,-1.6918250128442014,0.8961204003942292,-0.8663788579309919
-1.2752491900299572,-1.0492548945454807,-0.10771072536346497,-0.5241661998139866,-0.0736769110325213,-1.1356078916255807,-0.561586491928987,-1.1165688130055647,0.316751200550949,-1.2873634449384892,-0.30317536414843055
0.046170833122633696,0.1797699512156426,-1.1860704292930377,-0.38227061366211557,-0.11618435492247375,-0.5618232849131403,-0.7440402949620619,0.4522717235729776,-0.5903477345307295,-1.2873634449384892,-0.772511608967232
-0.011282211362261343,0.1797699512156426,-0.2617621116391182,-0.09847944135837348,-0.11618435492247375,-0.5618232849131403,1.2021336040574038,0.8232813099259612,0.3815439816282134,-0.22512806072257227,-0.8663788579309919
0.9079665003960623,0.06804041978281314,0.9192985164742234,-0.16942723443430907,-0.34997529631721036,0.011961321799300349,-0.19667888586283722,1.2472922657580012,0.5111295437827393,-0.22512806072257227,-0.9602461068947519
-0.3560004782716331,-0.7699310659634073,-0.7752667325579624,-0.5951139928899222,0.20262147425216745,0.2988536251555206,-0.5919954591011661,-0.4169507358827251,-0.9791044209943073,-0.9922980604340679,-0.9602461068947519
-0.9305309231205855,-0.37887770594850445,-0.15906118745534942,-0.5951139928899222,-0.22245296464735387,0.20322285737011386,-0.3791326888959121,-1.031766621839133,0.5111295437827393,-0.3431542145243409,0.16616088067037088
2.114480434578862,-0.4347424716649192,1.4328031373930676,-0.38227061366211557,-0.30746785242725816,0.8726382318679612,0.07700181868677514,1.565300482632046,-1.367861107457885,0.6010550158898077,-0.11544086622090897
0.5632482334866911,-0.6582015345305782,0.6111957439229169,-0.24037502751024437,-0.4987513499320426,-0.37056174934232666,-0.47035959041244957,0.8762826794049589,-0.3311766102216806,-0.04808883001991929,-0.2093081151846706
-1.1603431010601668,0.12390518549922787,-0.6212153462823091,-0.5241661998139866,-0.22245296464735387,0.968268999653368,-0.34872372172373295,-1.9115893551905883,0.057580076241897156,0.955133477295113,1.1048333703079738
-0.06873525584715741,2.6378196427378886,-0.9293181188336156,-0.16942723443430907,-0.4774976279870665,-0.8487155882693604,-0.28790578737937467,0.0547614524804364,0.057580076241897156,-0.6382195990287619,-1.3357151027497933
-0.06873525584715741,0.3473642483648862,-1.3914722776605752,-0.027531648282437888,0.11760658647226313,0.2988536251555206,0.3506825232363875,1.8303073300270343,1.2238501356326303,-0.04808883001991929,-1.0541133558585118
0.39088910003200494,-0.4347424716649192,1.124700364841761,0.0434161447934977,-0.0736769110325213,0.49011516072633415,0.8676349651634331,1.0352867878420107,0.25195841947368747,-0.520193445226994,-0.6786443600034721
-0.9879839676054811,0.6266880769469598,0.2003920471878415,2.526588902451241,-0.09493063297749738,-0.8487155882693604,0.07700181868677514,0.2296659717611169,0.25195841947368747,0.1289504006827337,-0.11544086622090897
-0.5858126562112143,0.7942823740962041,-1.2887713534768064,-0.24037502751024437,-0.328721574372234,1.4464228385804017,1.3845874070904787,-0.575954844319718,0.057580076241897156,0.1289504006827337,0.6354971254891724
-0.4709065672414237,-0.6023367688141634,0.2003920471878415,-0.6660617859658576,-0.15869179881242562,-0.08366944598610641,-0.1358609515184789,0.5582744625309729,-0.007212704835364363,-0.10710190692080361,-1.3357151027497933
-0.7007187451810049,-0.9933901288290662,0.0976911230040726,-0.027531648282437888,0.18136775230719138,0.3944843929409274,0.19863768737549173,-0.2897474491331072,0.7055078870145267,-0.04808883001991929,0.5416298765254124
0.6207012779715861,-1.4403082545603836,1.3301022132092988,-0.09847944135837348,-0.2862141304822818,-0.9443463560547672,-0.8656761636507785,-0.2897474491331072,-0.7199332966852555,2.7845388612225253,1.4803023661630152
-0.8730778786356905,1.3808624141185581,-1.3914722776605752,0.32720731709723977,0.30889008397704754,-0.7530848204839538,-0.7136313277898828,-0.13074334069605537,0.8998862302463171,-0.5792065221278776,0.26002812963413086
-0.2985474337867381,1.6322538598424239,0.0976911230040726,1.2495286270844015,-0.09493063297749738,0.49011516072633415,0.5331363262694624,-0.17314443627930057,-0.9791044209943073,-0.7562457528305305,-0.9602461068947519
0.44834214451689997,-1.0492548945454807,0.76524713019857,-0.5241661998139866,-0.6262736816018989,-0.657454052698547,-0.8656761636507785,-1.4981786732543596,-0.8495188588397814,-0.6382195990287619,0.9170988723804538
-0.18364134481694747,1.1015385855364845,-0.15906118745534942,0.18531173094536857,-0.09493063297749738,-0.5618232849131403,0.4723183919251041,0.0547614524804364,0.25195841947368747,-0.5792065221278776,-0.3970426131121905
-0.3560004782716331,0.6266880769469598,-0.31311257373100265,-0.24037502751024437,-0.22245296464735387,1.5420536063658086,2.631355061149824,-0.6077556660070931,-0.2663838291444162,-1.228350368037605,-0.49090986207595044
-0.18364134481694747,-0.2671481745156753,0.3544434334634949,-0.24037502751024437,-0.30746785242725816,0.011961321799300349,-0.6528133934455245,-1.6677830555871638,-0.2015910480671547,0.010924246880965043,1.8557713620180567
-0.6432657006961093,0.710485225521582,-1.237420891384922,-0.5241661998139866,-0.20119924270237777,-0.8487155882693604,-1.0481299666838535,-0.46465196841378764,0.18716563839642308,-1.5824288294429105,-0.8663788579309919
-0.24109438930184252,-0.1554186430828458,0.30309297137161045,-0.38227061366211557,-0.0736769110325213,-0.08366944598610641,2.9354447328716153,0.028260767740937578,-0.7199332966852555,-0.6382195990287619,-0.8663788579309919
-0.06873525584715741,-1.6637673174260423,0.76524713019857,-0.45321840673805114,-0.3924827402071622,-0.657454052698547,-0.8960851308229577,-1.582980864420791,-0.6551405156079939,-0.6972326759296462,1.7619041130542967
0.505795189001795,-0.37887770594850445,-0.21041164954723374,0.0434161447934977,0.07509914258231097,0.20322285737011386,0.9284528995077913,1.3108939091328102,-1.0438972020715718,-0.8742719066322993,-0.9602461068947519
-0.2985474337867381,-0.1554186430828458,-0.5185144220985403,-0.6660617859658576,-0.11618435492247375,0.49011516072633415,1.68867707881227,-0.39575018809110246,0.5111295437827393,-1.0513111373349522,-0.8663788579309919
-0.3560004782716331,0.2914994826484715,-1.340121815568691,-0.5241661998139866,0.011337976747383023,-0.37056174934232666,-0.8656761636507785,-0.5653545704239067,0.057580076241897156,-0.5792065221278776,0.07229363170661092
-0.9305309231205855,0.7942823740962041,-1.2887713534768064,-0.45321840673805114,-0.5625125157669708,0.968268999653368,-0.1358609515184789,-0.9840653893080117,0.5111295437827393,0.955133477295113,0.4477626275616524
-0.24109438930184252,-1.2168491916947248,0.25174250927972597,-0.45321840673805114,-0.4562439060420904,-0.17930021377151317,-0.31831475455155384,-1.6465825077956,0.6407151059372652,-0.5792065221278776,2.0435058599455767
1.712309123184596,-0.9375253631126514,1.9976582204037963,-0.09847944135837348,0.755218244821545,-1.2312386594109874,-1.16976583537257,-0.17314443627930057,-0.7199332966852555,-0.7562457528305305,1.3864351171992553
1.884668256639281,-0.6582015345305782,1.3814526753011833,-0.7370095790417932,0.16011403036221528,0.5857459285117409,-0.16626991869065808,0.31976829987542466,-1.8862033560759888,0.6010550158898077,-0.49090986207595044
-0.6432657006961093,0.06804041978281314,-0.005009801179696045,0.0434161447934977,-0.0736769110325213,-0.37056174934232666,0.9588618666799705,-0.18374471017511187,0.5111295437827393,0.30598963138538604,0.5416298765254124
-0.18364134481694747,0.6266880769469598,-0.2617621116391182,-0.09847944135837348,0.1388603084172392,-1.039977123840174,-0.4095416560680913,-0.3321485447162935,0.3815439816282134,-0.4611803683261096,0.5416298765254124
-0.7007187451810049,0.8501471398126188,-1.3914722776605752,-0.16942723443430907,-0.009915745197593352,0.1075920895847071,-0.6224044262733454,0.5741748733746604,0.8998862302463171,-0.7562457528305305,-0.8663788579309919
-0.4709065672414237,-0.09955387736643106,-1.2887713534768064,-0.5951139928899222,-0.0736769110325213,-0.2749309815569199,-0.47035959041244957,-0.7243586788608997,0.316751200550949,-0.6972326759296462,0.07229363170661092
-0.6432657006961093,0.9339442883872403,-0.723916270466078,-0.38227061366211557,-0.24370668659232994,-0.37056174934232666,-0.8048582293064203,-0.6819575832777133,-0.13679826698989028,-0.6972326759296462,-0.30317536414843055
0.6781543224564811,1.9953748369991198,-0.005009801179696045,-0.16942723443430907,-0.0736769110325213,1.4464228385804017,2.996262667215974,0.5582744625309729,-0.46076217237620365,-0.7562457528305305,-0.9602461068947519
0.7930604114262713,-0.6023367688141634,0.9706489785661079,-0.31132282058617994,-0.2862141304822818,-1.039977123840174,-0.9264940979951368,-0.13604347764399044,-0.2663838291444162,0.483028862088039,1.7619041130542967
-1.2752491900299572,-1.7754968488588718,0.6625462060148014,-0.8079573721177288,-0.4562439060420904,2.354915132541766,3.6044420106595565,-2.939815923083284,-0.3959693912989421,-0.4021672914252252,1.3864351171992553
-0.7581717896658999,-1.7196320831424572,0.14904158509595705,-0.5241661998139866,-0.4774976279870665,0.011961321799300349,-0.8048582293064203,-0.014140327842248775,1.9365707274825215,0.955133477295113,-0.3970426131121905
-0.41345352275652864,0.8780795226708262,-0.21041164954723374,-0.16942723443430907,0.5001735814818322,0.3944843929409274,1.1413156697130453,-0.18374471017511187,-0.6551405156079939,-0.2841411376234566,-1.0541133558585118
-0.7007187451810049,-0.2671481745156753,0.046340660912188414,0.18531173094536857,-0.4137364621521383,-0.9443463560547672,-0.9264940979951368,0.038861041636748875,-0.46076217237620365,-0.7562457528305305,-0.11544086622090897
2.057027390093967,-0.7140663002469926,1.9463077583119117,-0.2758489240482123,-0.4137364621521383,-0.8487155882693604,-0.5919954591011661,1.0882881573210084,-1.627032231766937,0.1289504006827337,0.8232316234166939
-0.24109438930184252,-0.7140663002469926,0.0976911230040726,-0.5241661998139866,1.477844790950731,-1.422500194981801,-0.07504301717412061,0.2932676151359258,-0.07200548591262876,1.5452642463039563,-0.8663788579309919
0.10362387760752874,-1.7754968488588718,1.2787517511174142,-0.45321840673805114,0.05384542063733489,-0.657454052698547,-0.7136313277898828,-0.14134361459186667,0.316751200550949,0.06993732378184937,-0.021573617257149028
-0.8156248341507949,0.5708233112305452,-1.2887713534768064,-0.45321840673805114,-0.20119924270237777,0.20322285737011386,-0.5007685575846287,0.19786515007374184,0.5759223248600008,0.5420419389889234,-0.5847771110397104
-0.3560004782716331,-0.21128340879926055,-0.05636026327158051,-0.45321840673805114,-0.5412587938219947,-0.657454052698547,-0.47035959041244957,-0.07774197121705773,0.5111295437827393,-0.10710190692080361,-0.772511608967232
0.10362387760752874,-0.8816605973962368,-0.36446303582288697,0.18531173094536857,0.05384542063733489,0.20322285737011386,0.3506825232363875,0.6642772014889682,0.18716563839642308,0.2469765544845017,-0.772511608967232
0.27598301106221484,0.45909377979771565,-0.41581349791477146,1.036685247856595,0.1388603084172392,1.350792070794995,0.6851811621303582,0.5953754211662831,-0.5903477345307295,-0.9332849835331836,-0.3970426131121905
0.9079665003960623,0.5708233112305452,-0.15906118745534942,-0.09847944135837348,-0.22245296464735387,-0.9443463560547672,-0.4095416560680913,0.3462689846149235,-1.4326538885351494,-0.520193445226994,-0.9602461068947519
-2.0795918128184905,0.40322901408130096,-0.5185144220985403,-0.16942723443430907,-0.6262736816018989,0.1075920895847071,1.8103129475009867,-1.8797885335032132,3.4915974733368325,-0.3431542145243409,2.325107606836858
2.6890108794278147,-1.1609844259783102,1.9463077583119117,0.0434161447934977,0.11760658647226313,-0.08366944598610641,0.016183884342416837,1.5122991131530483,-1.6918250128442014,-0.2841411376234566,0.16616088067037088
-0.2985474337867381,0.40322901408130096,-0.05636026327158051,-0.38227061366211557,-0.15869179881242562,1.4464228385804017,2.5705371268054655,-0.2791471752372959,-0.6551405156079939,-0.8152588297314148,-0.49090986207595044
0.5632482334866911,-0.7699310659634073,0.6625462060148014,0.0434161447934977,-0.30746785242725816,-0.5618232849131403,-0.6224044262733454,0.8762826794049589,0.18716563839642308,0.5420419389889234,-0.2093081151846706
-1.5625144124544335,1.799848156991668,-1.1347199672011534,-0.8079573721177288,-0.9025720668865879,-0.37056174934232666,1.262951538401762,-2.3037994893352534,1.6126068220962082,0.955133477295113,2.325107606836858
-0.5283596117263187,0.40322901408130096,-0.05636026327158051,3.3779624193624675,-0.37122901826218613,1.9245766775074356,2.266447455083674,0.7702799404469636,0.3815439816282134,-0.9922980604340679,-0.9602461068947519
-0.8730778786356905,0.906011905529033,-1.3914722776605752,2.1718499370715634,0.776471966766521,0.49011516072633415,0.3506825232363875,1.565300482632046,0.9646790113235786,0.36500270828627035,-0.2093081151846706
-0.8156248341507949,1.1853357341111066,-1.237420891384922,-0.16942723443430907,-0.7112885693818031,-0.8487155882693604,-0.9264940979951368,-0.8833627872979515,0.8998862302463171,-0.16611498382168793,1.0109661213442138
-0.12618830033205244,4.4813569113795735,-1.3914722776605752,-0.5241661998139866,-0.11618435492247375,-1.2312386594109874,-1.0481299666838535,-0.18374471017511187,1.4830212599416823,-1.0513111373349522,0.4477626275616524
0.16107692209242377,-0.8816605973962368,1.9463077583119117,2.739432281679048,-0.15869179881242562,-1.2312386594109874,-1.16976583537257,0.754379529603276,-0.2663838291444162,-0.4611803683261096,0.5416298765254124
-0.3560004782716331,2.274698665581193,0.8165975922904545,-0.24037502751024437,0.5639347473167605,0.5857459285117409,2.05358468487842,0.1342635066989329,-0.3959693912989421,0.42401578518715466,-1.1479806048222734
0.21852996657731882,0.8222147569544115,-0.8779676567417312,-0.6660617859658576,0.05384542063733489,-1.1356078916255807,-1.0785389338560325,0.3727696693544223,-0.007212704835364363,-0.04808883001991929,-0.8194452334491111
-0.5858126562112143,-0.4347424716649192,0.4571443576472635,2.38469331629937,-0.2862141304822818,-0.37056174934232666,1.2325425712295828,0.5582744625309729,0.12237285731916156,1.0141465541959973,0.07229363170661092
-0.5858126562112143,0.7384176083797893,-1.3914722776605752,-0.38227061366211557,-0.0736769110325213,-0.9443463560547672,-0.7136313277898828,0.8232813099259612,1.9365707274825215,1.7813165539074929,-0.49090986207595044
-0.41345352275652864,1.1853357341111066,-1.3914722776605752,-0.45321840673805114,0.26638264008709567,-0.9443463560547672,-1.0481299666838535,-0.8144610069752074,0.316751200550949,-0.4021672914252252,0.5416298765254124
-1.6774205014242236,1.716051008417046,-0.9806685809254999,-0.9498529582695998,-0.8813183449416118,-0.2749309815569199,1.4149963742626577,-2.3037994893352534,1.6773996031734697,1.132172707997766,2.418974855800618
1.942121301124176,-0.4347424716649192,1.8436068341281429,-0.24037502751024437,-0.30746785242725816,-0.8487155882693604,-0.7136313277898828,1.5865010304236098,-0.6551405156079939,0.18796347758361737,0.4477626275616524
-0.8156248341507949,-0.1554186430828458,-1.1860704292930377,-0.7370095790417932,-0.052423189087545216,0.2988536251555206,0.07700181868677514,-0.5017529270490978,0.25195841947368747,0.7190811696915763,-0.8663788579309919
2.057027390093967,-0.8257958316798221,1.22740128902553,-0.38227061366211557,0.7127108009315928,-0.8487155882693604,-0.8048582293064203,1.5122991131530483,-0.46076217237620365,0.6010550158898077,-0.021573617257149028
-0.8730778786356905,-0.32301294023209004,-0.9806685809254999,-0.24037502751024437,-0.4987513499320426,0.20322285737011386,-0.2574968202071955,-0.6448566246424032,-0.07200548591262876,-0.04808883001991929,-0.772511608967232
0.046170833122633696,1.213268116969314,-0.8266171946498468,-0.45321840673805114,0.05384542063733489,0.011961321799300349,0.5027273590972833,-0.13074334069605537,-0.7847260777625199,0.955133477295113,-0.772511608967232
1.0803256338507474,-1.6079025517096277,1.124700364841761,-0.09847944135837348,-0.264960408537306,-0.5618232849131403,-0.561586491928987,0.5582744625309729,-1.1086899831488333,-0.2841411376234566,-0.021573617257149028
0.9654195448809574,-0.6023367688141634,1.1760508269336454,0.6109984894009818,0.4151586937019279,-0.8487155882693604,-0.774449262134241,0.6112758320099706,-0.3311766102216806,1.6042773232048406,1.2925678682354953
0.16107692209242377,0.12390518549922787,-0.9293181188336156,0.5400506963250462,-0.4137364621521383,-0.7530848204839538,-0.8960851308229577,0.31976829987542466,-0.525554953453468,-1.2873634449384892,-0.3970426131121905
0.9079665003960623,1.1853357341111066,-0.41581349791477146,2.3137455232234343,0.5001735814818322,1.6376843741512153,0.8980439323356122,1.077687883425197,-1.1086899831488333,-0.6382195990287619,-0.9602461068947519
0.046170833122633696,2.8333463227453395,-0.6212153462823091,2.4556411093753057,-0.30746785242725816,-0.46619251712773346,0.2290466545476709,1.1942908962790035,0.3815439816282134,-0.9922980604340679,-0.49090986207595044
-0.41345352275652864,0.06804041978281314,-1.2887713534768064,-0.5951139928899222,-0.052423189087545216,0.1075920895847071,-0.47035959041244957,-0.45405169451797633,0.3815439816282134,-0.8742719066322993,-0.021573617257149028
1.712309123184596,-1.0492548945454807,0.9192985164742234,-0.38227061366211557,-0.11618435492247375,-0.9443463560547672,-0.9569030651673159,1.0882881573210084,-2.4045456046940923,0.010924246880965043,-1.1479806048222734
-0.5858126562112143,0.7942823740962041,-1.1347199672011534,0.752894075552853,0.4151586937019279,-0.9443463560547672,-0.8048582293064203,0.24026624565692817,0.5759223248600008,-0.16611498382168793,-0.30317536414843055
-0.8156248341507949,-0.043689111650016335,-0.10771072536346497,0.0434161447934977,-0.13743807686744955,-0.5618232849131403,-0.28790578737937467,0.0547614524804364,0.9646790113235786,-0.9332849835331836,0.5416298765254124
0.046170833122633696,0.3473642483648862,0.0976911230040726,0.0434161447934977,0.45766613759188013,1.4464228385804017,2.2056295207393157,0.6695773384368444,-1.0438972020715718,-0.9332849835331836,-1.2418478537860334
0.8505134559111673,-0.4347424716649192,0.5598452818310324,-0.027531648282437888,-0.13743807686744955,1.733315141936622,0.5939542606138207,0.2720670673443621,-1.0438972020715718,-0.4611803683261096,-0.5847771110397104
0.3334360555471099,-1.7196320831424572,1.0733499027498765,-0.5241661998139866,-0.22245296464735387,1.2551613030095883,0.41150045758074577,0.028260767740937578,0.5111295437827393,-0.7562457528305305,-0.9602461068947519
-1.8497796348789097,-0.32301294023209004,-1.2887713534768064,-0.8789051651936642,-1.1363630082813243,0.20322285737011386,-0.07504301717412061,-2.4628035977722464,3.815561378723146,-0.22512806072257227,2.2312403578730984
-0.7007187451810049,0.40322901408130096,-1.3914722776605752,-0.5241661998139866,-0.2862141304822818,0.011961321799300349,-0.3791326888959121,0.24026624565692817,1.029471792400843,0.2469765544845017,-0.49090986207595044
-0.3560004782716331,1.0456738198200697,-1.340121815568691,-0.31132282058617994,-0.4987513499320426,1.4464228385804017,-0.10545198434629977,-1.6094815491602898,0.6407151059372652,-0.520193445226994,1.2925678682354953
-0.41345352275652864,0.6546204598051673,-1.237420891384922,-0.45321840673805114,-0.03116946714256943,-0.17930021377151317,0.3202735560642083,0.08126213721993523,0.3815439816282134,-1.1693372911367206,-0.11544086622090897
0.6207012779715861,-1.6079025517096277,0.30309297137161045,-0.16942723443430907,-0.5625125157669708,3.454668962073944,0.8068170308190747,0.590075284218348,1.029471792400843,1.4272380925021877,-0.2093081151846706
-0.5283596117263187,0.40322901408130096,-0.05636026327158051,-0.31132282058617994,-0.09493063297749738,0.1075920895847071,1.3541784399182994,-0.3109479969246709,-0.13679826698989028,-0.5792065221278776,-0.5847771110397104
-1.2177961455450617,-0.9375253631126514,-0.15906118745534942,-0.24037502751024437,0.16011403036221528,0.2988536251555206,-0.1358609515184789,-1.1377693607971284,1.6773996031734697,-0.520193445226994,1.1987006192717338
-0.2985474337867381,1.1574033512528992,-0.9806685809254999,-0.09847944135837348,0.09635286452728704,-0.5618232849131403,-0.16626991869065808,0.3462689846149235,-0.46076217237620365,0.30598963138538604,-0.5847771110397104
1.827215212154386,-1.9430911460081157,1.22740128902553,1.036685247856595,0.35139752786699974,-1.1356078916255807,-0.7136313277898828,1.5122991131530483,-0.2015910480671547,1.8403296308083772,-0.30317536414843055
-0.41345352275652864,-0.043689111650016335,-0.7752667325579624,0.32720731709723977,-0.4349901840971144,-0.37056174934232666,0.19863768737549173,0.18726487617793053,0.316751200550949,-0.520193445226994,-1.2418478537860334
-0.5283596117263187,-0.21128340879926055,-0.005009801179696045,-0.31132282058617994,-0.34997529631721036,-0.17930021377151317,-0.6528133934455245,-1.5193792210459822,0.25195841947368747,-0.16611498382168793,1.4803023661630152
1.827215212154386,-1.2168491916947248,1.22740128902553,-0.24037502751024437,-0.1799455207574017,-0.17930021377151317,-0.561586491928987,0.7702799404469636,-1.8214105749987273,1.6042773232048406,-0.5847771110397104
0.5632482334866911,-0.1554186430828458,0.4571443576472635,-0.5241661998139866,-0.0736769110325213,-0.9443463560547672,-0.8960851308229577,0.15546405449055548,-0.2663838291444162,0.660068092790692,0.35389537859789244
-1.9072326793638048,-0.8257958316798221,-1.340121815568691,-0.6660617859658576,-0.8388109010516596,0.968268999653368,0.41150045758074577,-3.130620853207652,2.51970575717789,0.5420419389889234,3.357647345438221
1.827215212154386,0.06804041978281314,2.254410530863218,1.3204764201603374,0.776471966766521,-0.9443463560547672,-0.9569030651673159,0.8762826794049589,-1.9509961371532532,1.0141465541959973,1.2925678682354953
-1.7923265903940142,0.6546204598051673,-1.3914722776605752,-0.2758489240482123,-0.15869179881242562,-0.08366944598610641,-0.561586491928987,-1.22257155196356,3.0380480057959907,-0.2841411376234566,1.9496386109818167
0.44834214451689997,-1.552037785993213,0.3544434334634949,-0.38227061366211557,-0.34997529631721036,2.785253587576096,0.6243632277859998,0.4999729561040402,0.8350934491690527,1.1911857848986502,-0.2093081151846706
-0.2985474337867381,0.3473642483648862,-0.4671639600066559,-0.16942723443430907,-0.24370668659232994,0.1075920895847071,0.2290466545476709,0.39927035409398,0.7703006680917912,-0.4021672914252252,-0.3970426131121905
-0.5283596117263187,0.7384176083797893,-1.3914722776605752,-0.5241661998139866,-0.264960408537306,-0.2749309815569199,-0.19667888586283722,0.5582744625309729,1.288642916709892,-0.5792065221278776,-0.9602461068947519
0.505795189001795,0.7942823740962041,-0.8779676567417312,0.32720731709723977,0.07509914258231097,-0.37056174934232666,0.04659285151459599,1.1306892529041945,-0.007212704835364363,-0.6972326759296462,-0.8663788579309919
-0.18364134481694747,0.2914994826484715,-0.5698648841904247,-0.38227061366211557,0.6914570789866167,-1.2312386594109874,-1.2001748025447492,-1.1695701824845623,-0.5903477345307295,-0.4611803683261096,0.7293643744529322
-0.6432657006961093,0.5149585455141305,-1.0833695051092689,-0.027531648282437888,-0.20119924270237777,0.1075920895847071,1.1413156697130453,0.37806980630235737,1.288642916709892,-0.7562457528305305,-0.6786443600034721
-0.9305309231205855,0.06804041978281314,-0.723916270466078,-0.38227061366211557,-0.24370668659232994,-0.08366944598610641,-0.31831475455155384,0.2932676151359258,1.9365707274825215,-0.10710190692080361,-0.5847771110397104
-0.24109438930184252,-0.9933901288290662,0.9706489785661079,0.752894075552853,-0.20119924270237777,-0.08366944598610641,-0.28790578737937467,0.2932676151359258,0.25195841947368747,1.1911857848986502,2.2312403578730984
-0.2985474337867381,-1.1609844259783102,0.8679480543823389,0.1143639378694333,0.35139752786699974,-0.7530848204839538,-0.8960851308229577,0.3038678890317371,0.12237285731916156,0.7190811696915763,0.5416298765254124
-0.5283596117263187,-0.9933901288290662,0.30309297137161045,-0.09847944135837348,-0.4137364621521383,-0.657454052698547,-0.6224044262733454,-1.0847679913181307,0.316751200550949,-0.3431542145243409,1.3864351171992553
-0.41345352275652864,0.6546204598051673,-1.237420891384922,-0.45321840673805114,-0.03116946714256943,-0.17930021377151317,0.3202735560642083,0.08126213721993523,0.3815439816282134,-1.1693372911367206,-0.11544086622090897
-1.3901552789997473,-0.49060723738133394,-1.3914722776605752,-0.6660617859658576,-0.966333232721516,-1.2312386594109874,-1.0785389338560325,-1.2437720997551827,1.0942645734781045,1.132172707997766,1.1987006192717338
-1.7923265903940142,-1.0492548945454807,-1.3914722776605752,-0.5241661998139866,-0.7963034571617075,1.0638997674387747,0.5027273590972833,-2.7278104451672345,2.3901201950233637,0.7780942465924606,3.357647345438221
-0.2985474337867381,-1.0492548945454807,0.508494819739148,-0.38227061366211557,-0.11618435492247375,0.7770074640825544,0.3506825232363875,-0.18374471017511187,0.18716563839642308,-0.4021672914252252,-0.9602461068947519
-0.2985474337867381,-0.1554186430828458,0.14904158509595705,-0.45321840673805114,-0.264960408537306,-0.7530848204839538,-0.7440402949620619,-0.4487515575701001,-0.007212704835364363,-0.5792065221278776,-0.021573617257149028
4.355149169489777,-0.9375253631126514,1.9463077583119117,3.5198580055143385,0.18136775230719138,0.5857459285117409,0.7459990964747164,0.4522717235729776,-2.1453744803850405,1.0731596310968816,4.202452586112064
-1.1603431010601668,-0.32301294023209004,-1.3914722776605752,-0.8079573721177288,-0.6900348474368272,1.0638997674387747,-0.4095416560680913,-2.4098022282932487,0.8998862302463171,-1.0513111373349522,1.7619041130542967
-1.102890056575271,-0.8257958316798221,-0.6725658083741934,-0.24037502751024437,-1.0513481205014201,-0.08366944598610641,-0.6528133934455245,-0.8515619656105176,0.8350934491690527,-0.04808883001991929,0.6354971254891724
-0.06873525584715741,-0.7699310659634073,1.124700364841761,-0.16942723443430907,0.2451289181421196,2.97651512314691,2.631355061149824,0.6112758320099706,0.4463367627054749,1.9583557846101458,-0.5847771110397104
-0.7581717896658999,0.06804041978281314,-0.9293181188336156,-0.38227061366211557,-0.13743807686744955,-0.5618232849131403,-0.9264940979951368,-1.037066758787068,0.7703006680917912,-0.4021672914252252,1.0109661213442138
0.21852996657731882,1.6322538598424239,-1.2887713534768064,-0.9498529582695998,-0.37122901826218613,1.9245766775074356,0.04659285151459599,-0.8197611439231425,-0.7199332966852555,-0.4611803683261096,-0.5847771110397104
-1.2752491900299572,0.989809054103655,-0.8779676567417312,0.18531173094536857,-0.13743807686744955,-0.2749309815569199,-0.561586491928987,-0.23144594270617444,1.87177794640526,0.010924246880965043,-0.2093081151846706
0.27598301106221484,0.7384176083797893,-0.05636026327158051,-0.5951139928899222,-0.2862141304822818,-1.1356078916255807,-0.7136313277898828,0.18726487617793053,-1.0438972020715718,0.483028862088039,-1.1479806048222734
0.5632482334866911,-0.9375253631126514,0.6111957439229169,-0.7370095790417932,-0.15869179881242562,2.4027305164344694,0.25945562171985004,-0.12014306680030291,1.029471792400843,0.42401578518715466,0.4477626275616524
-0.18364134481694747,0.2914994826484715,0.046340660912188414,0.46910290324911097,-0.4562439060420904,0.49011516072633415,2.05358468487842,0.2932676151359258,-0.5903477345307295,-0.6972326759296462,-0.9602461068947519
-1.3327022345148523,0.6266880769469598,-1.1347199672011534,-0.45321840673805114,-0.4562439060420904,-0.657454052698547,-0.8960851308229577,-0.9469644306727604,1.3534356977871564,0.7190811696915763,0.16616088067037088
0.9654195448809574,-0.2671481745156753,-0.15906118745534942,0.1143639378694333,0.30889008397704754,-0.2749309815569199,-0.4399506232402704,1.7243045910690389,-0.2015910480671547,-0.5792065221278776,-0.3970426131121905
1.2526847673054335,-0.6023367688141634,1.9976582204037963,0.29173342055927215,0.6064421912067127,-0.37056174934232666,-0.5311775247568079,0.1342635066989329,-0.46076217237620365,0.5420419389889234,1.1987006192717338
-0.24109438930184252,-0.7140663002469926,0.14904158509595705,-0.5241661998139866,1.477844790950731,-1.3268694271963943,-0.04463405000194146,0.2773672042922383,-0.007212704835364363,1.486251169403072,-0.8663788579309919
-1.6774205014242236,-0.6023367688141634,-0.005009801179696045,-0.38227061366211557,0.09635286452728704,0.6813766962971477,0.25945562171985004,-1.0794678543702545,3.0380480057959907,-0.10710190692080361,1.7619041130542967
0.21852996657731882,-1.1051196602618953,0.5598452818310324,0.5400506963250462,-0.5200050718770187,-0.5618232849131403,-0.8352671964785994,-1.095368265213942,-0.07200548591262876,0.42401578518715466,1.4803023661630152
-0.7581717896658999,0.23563471693205673,-1.3914722776605752,-0.38227061366211557,2.179217615134941,-0.37056174934232666,-0.04463405000194146,0.0070602199493149794,-0.007212704835364363,-0.3431542145243409,-0.9602461068947519
-0.7007187451810049,0.3473642483648862,-1.340121815568691,-0.16942723443430907,-0.15869179881242562,1.0638997674387747,-0.10545198434629977,-0.6607570354860908,0.7055078870145267,-0.4611803683261096,0.26002812963413086
-0.41345352275652864,-0.6023367688141634,-0.10771072536346497,0.9657374547806594,0.35139752786699974,1.1595305352241814,1.3237694727461202,0.5794750103225367,-1.0438972020715718,-0.520193445226994,-1.2418478537860334
0.39088910003200494,1.436727179834973,-0.15906118745534942,-0.5951139928899222,-0.20119924270237777,-0.5618232849131403,-0.774449262134241,0.09186241111574653,-0.13679826698989028,0.06993732378184937,-0.3970426131121905
-1.1603431010601668,-0.9375253631126514,-0.41581349791477146,0.46910290324911097,-0.264960408537306,-0.08366944598610641,-0.22708785303501636,-0.6077556660070931,1.6126068220962082,-0.8152588297314148,2.1373731089093364
-1.7923265903940142,-1.1609844259783102,-0.10771072536346497,-0.5241661998139866,0.33014380592202364,-0.2749309815569199,0.10741078585895429,-0.5547542965280954,0.4463367627054749,-0.6382195990287619,-1.1479806048222734
-1.2752491900299572,1.0456738198200697,-0.8779676567417312,0.0434161447934977,-0.7325422913267793,-0.2749309815569199,-0.5919954591011661,-1.6571827816914113,1.6773996031734697,-0.9332849835331836,1.3864351171992553
0.7356073669413762,-1.1609844259783102,1.021999440657992,-0.8079573721177288,-0.6687811254918511,-0.657454052698547,-0.6832223606177036,0.10776282195943405,-0.5903477345307295,0.955133477295113,-0.11544086622090897
-0.4709065672414237,0.23563471693205673,-0.9806685809254999,0.0434161447934977,0.0325916986923591,-0.17930021377151317,-0.5919954591011661,-0.43815128367428885,-0.07200548591262876,-0.4021672914252252,-0.021573617257149028
-0.7581717896658999,1.4087947969767656,-0.9806685809254999,-0.38227061366211557,0.11760658647226313,-0.5618232849131403,-0.8352671964785994,-0.6077556660070931,0.5759223248600008,-1.1103242142358365,-0.3970426131121905
-0.011282211362261343,2.749549174170718,-1.2887713534768064,0.6109984894009818,-0.0736769110325213,-0.9443463560547672,-1.0785389338560325,1.1518898006958171,1.0942645734781045,-0.9922980604340679,0.5416298765254124
1.827215212154386,-0.9933901288290662,1.124700364841761,0.5400506963250462,-0.37122901826218613,-0.5618232849131403,-0.28790578737937467,1.883308699506032,0.057580076241897156,1.486251169403072,0.5416298765254124
-0.41345352275652864,-0.09955387736643106,-0.15906118745534942,-0.09847944135837348,0.07509914258231097,-0.7530848204839538,-0.2574968202071955,0.6642772014889682,1.029471792400843,0.010924246880965043,-0.772511608967232
-0.2985474337867381,2.1350367512901567,-1.0320190430173843,-0.45321840673805114,-0.6262736816018989,0.5857459285117409,0.016183884342416837,-0.7932604591836437,1.288642916709892,-1.3463765218393735,0.26002812963413086
1.827215212154386,-1.9430911460081157,1.22740128902553,1.036685247856595,0.35139752786699974,-1.1356078916255807,-0.7136313277898828,1.5122991131530483,-0.2015910480671547,1.8403296308083772,-0.30317536414843055
1.4250439007601197,-0.7140663002469926,0.7138966681066855,-0.24037502751024437,-0.0736769110325213,-0.8487155882693604,-0.8960851308229577,0.8762826794049589,-1.497446669612411,0.06993732378184937,-1.0541133558585118
1.3101378117903286,-0.9375253631126514,1.535504061576836,-0.16942723443430907,-0.009915745197593352,-0.9443463560547672,-0.8048582293064203,0.0070602199493149794,-1.1086899831488333,0.36500270828627035,0.6354971254891724
-0.24109438930184252,0.06804041978281314,0.3544434334634949,-0.027531648282437888,-0.24370668659232994,-0.7530848204839538,-0.8960851308229577,-2.330300174074752,-0.7199332966852555,0.36500270828627035,2.512842104764378
0.046170833122633696,-1.552037785993213,0.6111957439229169,-0.38227061366211557,-0.987586954666492,-1.1356078916255807,-1.1089479010282117,-1.5299794949417935,-0.2663838291444162,0.30598963138538604,1.9496386109818167
-1.5625144124544335,-1.2168491916947248,0.508494819739148,-0.8079573721177288,-0.2862141304822818,-0.37056174934232666,1.5062232757791951,-0.7137584049651472,0.057580076241897156,-0.4611803683261096,-1.1479806048222734
-0.9305309231205855,-0.37887770594850445,-0.15906118745534942,-0.5951139928899222,-0.22245296464735387,0.20322285737011386,-0.3791326888959121,-1.031766621839133,0.5111295437827393,-0.3431542145243409,0.16616088067037088
-0.18364134481694747,-0.6023367688141634,-0.5185144220985403,-0.38227061366211557,-0.30746785242725816,-0.9443463560547672,-0.8656761636507785,0.24026624565692817,-0.13679826698989028,-0.2841411376234566,-1.1479806048222734
-0.6432657006961093,0.5149585455141305,-1.340121815568691,-0.16942723443430907,-0.4774976279870665,-0.7530848204839538,-0.014225082829762314,-1.8161868901284042,0.057580076241897156,-0.8742719066322993,1.2925678682354953
-0.4709065672414237,0.6825528426633746,-0.4671639600066559,3.165119040134661,0.011337976747383023,1.0638997674387747,1.445405341434837,1.2737929504975,0.4463367627054749,0.660068092790692,-0.9602461068947519
-0.4709065672414237,1.1015385855364845,-1.1860704292930377,-0.7370095790417932,-0.24370668659232994,-0.7530848204839538,-0.9569030651673159,-0.8833627872979515,-0.3311766102216806,-0.7562457528305305,-0.772511608967232
1.827215212154386,-1.9430911460081157,1.22740128902553,1.036685247856595,0.35139752786699974,-1.1356078916255807,-0.7136313277898828,1.5122991131530483,-0.2015910480671547,1.8403296308083772,-0.30317536414843055
0.16107692209242377,-0.32301294023209004,0.14904158509595705,0.32720731709723977,-0.24370668659232994,1.350792070794995,2.692172995494182,0.4522717235729776,-0.07200548591262876,-0.7562457528305305,-0.9602461068947519
-0.7581717896658999,-0.9375253631126514,-0.31311257373100265,-0.16942723443430907,-0.03116946714256943,0.3944843929409274,0.5635452934416415,-0.6183559399029044,0.5759223248600008,-0.6972326759296462,-0.30317536414843055
-0.7581717896658999,1.1574033512528992,-1.1347199672011534,-0.38227061366211557,-0.13743807686744955,-0.2749309815569199,0.2290466545476709,-0.07774197121705773,0.5111295437827393,-0.520193445226994,-0.5847771110397104
0.9654195448809574,-1.1609844259783102,1.638204985760605,-0.24037502751024437,-0.22245296464735387,-1.2312386594109874,-0.9569030651673159,1.406296374194994,-0.7199332966852555,0.7190811696915763,-0.772511608967232
1.884668256639281,-0.29508055737388267,0.6625462060148014,-0.8079573721177288,0.07509914258231097,-0.9443463560547672,-0.561586491928987,0.15546405449055548,-1.5622394506896755,-0.04808883001991929,-0.36575353012430223
-1.2177961455450617,-0.7699310659634073,0.8165975922904545,-0.38227061366211557,-0.34997529631721036,-0.17930021377151317,-0.6832223606177036,-1.3073737431299326,0.8998862302463171,1.2501988617995345,0.7293643744529322
-0.06873525584715741,-1.1609844259783102,0.76524713019857,-0.16942723443430907,0.22387519619714352,-1.2312386594109874,-1.139356868200391,-0.8939630611937628,-0.2663838291444162,-0.6382195990287619,1.7619041130542967
-1.0454370120903762,-1.0492548945454807,-0.005009801179696045,0.18531173094536857,-0.4349901840971144,-0.7530848204839538,-0.07504301717412061,-1.5405797688376048,-0.6551405156079939,-0.5792065221278776,1.4803023661630152
-0.2985474337867381,0.1797699512156426,-0.41581349791477146,-0.5241661998139866,0.35139752786699974,-0.37056174934232666,0.016183884342416837,-0.18374471017511187,-0.7847260777625199,1.6042773232048406,-0.8663788579309919
0.5632482334866911,-0.8257958316798221,1.0733499027498765,0.8947896617047238,0.9465017423263297,-1.2312386594109874,-1.0785389338560325,-0.5176533378927853,-0.525554953453468,-0.520193445226994,2.606709353728138
0.16107692209242377,0.6546204598051673,-0.10771072536346497,-0.38227061366211557,-0.09493063297749738,-0.7530848204839538,-0.561586491928987,0.7437792557074647,-0.2015910480671547,-0.3431542145243409,-0.3970426131121905
-0.3560004782716331,0.5708233112305452,-0.9806685809254999,-0.45321840673805114,-0.24370668659232994,-0.08366944598610641,-0.5919954591011661,-0.024740601738060072,0.057580076241897156,-0.6972326759296462,-0.8663788579309919
-0.6432657006961093,0.012175654066398402,-0.6725658083741934,-0.31132282058617994,-0.4987513499320426,-0.08366944598610641,-0.5311775247568079,-1.8638881226595256,0.25195841947368747,-0.2841411376234566,1.5741696151267752
-1.0454370120903762,0.7942823740962041,-1.3914722776605752,1.2495286270844015,-0.647527403546875,-0.46619251712773346,-0.8048582293064203,-0.9893655262559468,0.8998862302463171,-0.5792065221278776,1.2925678682354953
0.7356073669413762,1.9674424541409123,0.046340660912188414,-0.09847944135837348,-0.03116946714256943,1.350792070794995,3.057080601560332,0.6112758320099706,-0.46076217237620365,-0.7562457528305305,-0.9602461068947519
-0.4709065672414237,0.2914994826484715,-0.6725658083741934,-0.24037502751024437,-0.22245296464735387,1.0638997674387747,0.41150045758074577,-0.23674607965410951,-0.2015910480671547,-0.4021672914252252,-0.5847771110397104
-0.06873525584715741,4.4813569113795735,-1.3914722776605752,-0.5951139928899222,-0.13743807686744955,-1.2312386594109874,-1.0481299666838535,-0.18374471017511187,1.418228478864418,-0.9922980604340679,0.4477626275616524
-0.41345352275652864,-1.3285787231275543,1.124700364841761,0.1143639378694333,0.09635286452728704,0.8726382318679612,0.41150045758074577,0.18726487617793053,-0.007212704835364363,-0.2841411376234566,-0.30317536414843055
-0.24109438930184252,-1.9430911460081157,0.6625462060148014,-0.5241661998139866,-0.5412587938219947,-0.8487155882693604,-0.8048582293064203,-1.4027762081921755,-0.2015910480671547,0.2469765544845017,0.6354971254891724
2.2868395680335483,-0.7699310659634073,1.8436068341281429,-0.16942723443430907,0.07509914258231097,-0.9443463560547672,-0.8656761636507785,1.9363100689850294,-0.9791044209943073,-0.9922980604340679,-0.8663788579309919
-0.41345352275652864,5.87797605428994,-1.3914722776605752,-0.31132282058617994,1.0527703520512095,-1.039977123840174,-1.139356868200391,-1.0529671696307557,1.2238501356326303,-1.5234157525420262,0.4477626275616524
-0.24109438930184252,-1.1051196602618953,0.7138966681066855,-0.7370095790417932,-0.6687811254918511,-0.9443463560547672,-0.34872372172373295,-1.4769781254627958,-0.13679826698989028,0.30598963138538604,0.5416298765254124
