volatile acidity,citric acid,residual sugar,chlorides,free sulfur dioxide,total sulfur dioxide,pH,sulphates,alcohol
1.9148542579947254,-1.2497850919903903,-0.08160310557825298,-1.1284696373562764,1.8236327937177124,0.17243932521229116,1.5273051265920583,-0.625155181447993,2.0350558507114807
1.1021992447891957,-0.8712233745315702,0.2801866374659604,0.1309262099013172,-0.659253394888884,-0.6048267849377968,0.559827260252437,-1.1721659652149876,-0.6969615495186537
1.3128875815461851,0.10222104179111013,0.2801866374659604,-0.17132879344050542,0.6361654861232532,1.1970173795010435,-0.25880785741955326,-1.0158771698529891,-0.5918839572021086
0.7410192389200717,-1.2497850919903903,-0.5639894296372036,0.23167787768192405,-0.11949552780049348,0.4904118248191453,0.4109845115848027,-1.4065991582579849,-0.06649599561939076
-0.914389121313415,0.31854202319615005,-0.6845860106519411,-0.77583880012415,1.1759233532116438,0.27843015841457586,0.48540588591861816,0.625155181447993,1.509667889128763
-1.1551757918928311,0.9675049674112702,-1.0463757536961542,-1.9848588134914393,-0.9831081151419183,-1.0994506732151255,0.2621417629171684,-0.2344331930429977,0.35381437364678203
2.4867226006208396,0.9134247220600101,-0.20219968659299023,1.6422012266104289,0.7441170595409313,2.504237655662555,-0.4820719804210031,0.7032995791289922,-1.2223495111013716
2.366329265331131,0.1563012871423699,2.933311419790189,-0.5743354645629348,-0.011543954382815382,-0.145533174394563,1.6017265009258737,-0.7814439768099914,0.7741247429129567
0.7109209050976446,-0.8712233745315702,4.380470391967042,1.6925770605007326,-1.0910596885595965,-1.1347809509492204,0.4109845115848027,0.3907219884049953,-0.27665118025247903
2.155640928574142,-1.4120258280441704,0.2801866374659604,0.8361878843655692,1.0679717797939656,0.8437146021600944,-0.8541788520900871,0.31257759072399693,-0.5918839572021086
1.0119042433219145,0.26446177784489,0.7625729615249109,0.23167787768192405,0.8520686329586095,1.3383384904374231,1.2296196292567896,0.7814439768099914,1.2995127044956747
-0.7337991183788527,0.5889432499524501,-0.5639894296372036,-0.020201291769594114,0.20435919245254083,-0.4988359517355121,-1.4495498467606243,0.07814439768099923,0.8792023352295
-0.19202910957516636,-0.005939448911409981,-0.5639894296372036,-0.977342135685365,-0.659253394888884,-0.42817539626732226,0.559827260252437,0.0,-0.8020391418351969
2.005149259462007,-1.3038653373416504,-0.5639894296372036,-0.8765904679047575,1.499778073464678,-0.18086345212865793,-0.10996510875191898,-0.625155181447993,0.4063531698050546
0.891510908032207,-0.3845011663702301,-0.20219968659299023,0.5843087149140505,-0.4433502480535278,1.1263568240328536,-0.8541788520900871,-0.39072198840499617,-1.2223495111013716
-0.43281578015458244,0.37262226854741015,0.1595900564512226,0.8865637182558731,0.5282139127055752,-0.18086345212865793,-0.5564933547548185,0.5470107837669937,0.45889196596332715
-1.5163557977619555,-0.1140999396139301,-0.322796267607728,-0.4735837967823273,-0.011543954382815382,-0.3575148407991325,-0.7053361034224528,0.15628879536199847,2.560443812294199
0.16915089629395832,-0.1140999396139301,-0.4433928486224658,-0.17132879344050542,-0.5513018214712059,-0.534166229469607,1.0063555062553398,1.0940215675339884,-0.9071167341517401
1.2827892477237581,-0.5467419024240101,-0.5639894296372036,0.9369395521461769,-0.011543954382815382,1.1970173795010435,-0.33322923175336877,0.0,-1.1172719187848266
0.891510908032207,-1.3038653373416504,-0.20219968659299023,-0.4735837967823273,1.7156812203000342,1.726971545512467,0.03887763991571531,0.31257759072399693,0.7390988788074759
0.5905275698079364,-0.7630628838290502,-0.6845860106519411,-0.4735837967823273,2.4713422342237807,0.10177876974410134,0.48540588591861816,1.953609942024979,1.509667889128763
0.891510908032207,-0.16818018496519002,-0.322796267607728,0.3324295454625323,0.20435919245254083,1.8682926564488467,0.03887763991571531,-1.2503103628959868,-0.9071167341517401
1.734264255060164,-1.1416246012878704,-0.4433928486224658,-0.5743354645629348,-0.9831081151419183,-1.0287901177469356,1.4528837522582394,0.15628879536199847,0.45889196596332715
-0.7337991183788527,-0.7630628838290502,0.7625729615249109,0.5339328810237467,1.499778073464678,0.3490907138827657,0.4109845115848027,0.46886638608599457,-0.06649599561939076
-1.094979124247977,0.10222104179111013,-0.4433928486224658,0.03017454212070896,1.7156812203000342,0.8790448798941893,1.0063555062553398,-1.2503103628959868,-1.0121943264682833
0.7109209050976446,-0.27634067566771015,-0.6845860106519411,-0.020201291769594114,-0.11949552780049348,-0.42817539626732226,2.0482547469287766,0.15628879536199847,-0.5918839572021086
0.04875756100425009,2.1572703651389906,1.5464507381207058,1.9948320638425545,-0.9831081151419183,-1.0287901177469356,-1.970499467097346,0.7814439768099914,1.1944351121791315
-0.28232411104244753,0.7511839860062303,-1.166972334710892,0.4835570471334429,-0.9831081151419183,-0.534166229469607,-1.8216567184297117,0.07814439768099923,-0.3467029084635433
-0.7939957860237068,0.9134247220600101,-0.8654808821740478,-0.6750871323435425,-1.0910596885595965,-1.1347809509492204,-0.9286002264239059,-1.4065991582579849,1.0893575198625882
1.3128875815461851,-0.9253036198828303,-0.8051825916666789,0.38280537935283604,0.09640761903486272,-0.6048267849377968,2.6436257415993136,-0.625155181447993,1.2995127044956747
-0.8541924536685609,1.18382594881631,-0.6845860106519411,3.808362083893489,-1.0910596885595965,-0.922799284544651,-0.10996510875191898,3.203920304920966,-1.0121943264682833
-1.094979124247977,0.85934447670875,-0.322796267607728,-0.4735837967823273,0.8520686329586095,-0.25152400759684773,-1.5239712210944432,1.0940215675339884,2.140133443028024
0.6507242374527905,-0.27634067566771015,0.40078321848069814,0.7858120504752655,1.499778073464678,0.7730540466919046,-0.25880785741955326,-0.4688663860859954,-0.8020391418351969
0.921609241854634,-1.0334641105853501,0.0389934754364848,0.38280537935283604,0.20435919245254083,1.373668768171518,0.2621417629171684,-0.7814439768099914,-0.27665118025247903
0.22934756393881242,-0.3845011663702301,-0.6845860106519411,1.138442887707391,-0.33539867463584966,0.13710904747819624,-0.9286002264239059,2.266187532748976,-0.9071167341517401
0.7410192389200717,-1.4120258280441704,3.777487486893353,0.23167787768192405,-1.0910596885595965,-0.8874690068105561,0.6342486345862525,-0.7032995791289922,-0.8020391418351969
0.34974089922852,0.10222104179111013,2.933311419790189,0.18130204379162096,-0.33539867463584966,0.9143751576282843,0.03887763991571531,0.46886638608599457,0.6690471505964135
-0.7939957860237068,0.7511839860062303,0.2801866374659604,-0.4232079628920243,-0.5513018214712059,-0.6048267849377968,0.1877203885833496,0.8595883744909907,-0.17157358793593583
1.5837725859480285,-1.4120258280441704,0.2801866374659604,0.5843087149140505,-0.4433502480535278,-0.534166229469607,0.3365631372509839,1.7191767489819814,-1.0121943264682833
0.6507242374527905,-0.27634067566771015,-0.9257791726814164,-0.07057712565989788,-0.33539867463584966,-0.39284511853322734,1.973833372594961,0.15628879536199847,-0.5918839572021086
0.5303309021630823,-0.3845011663702301,1.9685387716722877,0.6346845488043542,1.607729646882356,0.9143751576282843,-0.7053361034224528,-1.0940215675339884,-0.3817287725690222
-1.7571424683413719,0.85934447670875,-0.5639894296372036,-0.6247112984532387,-0.659253394888884,-0.922799284544651,-0.7797574777562716,-0.7814439768099914,2.0350558507114807
0.22934756393881242,-0.3845011663702301,-0.6845860106519411,1.138442887707391,-0.33539867463584966,0.13710904747819624,-0.9286002264239059,2.266187532748976,-0.9071167341517401
-0.011439106640604017,-1.1957048466391302,-0.20219968659299023,-0.6247112984532387,-0.767204968306562,-0.9934598400128408,0.6342486345862525,-0.07814439768099923,-1.0121943264682833
1.3128875815461851,-1.4120258280441704,-0.5639894296372036,0.9369395521461769,-0.9831081151419183,-1.0994506732151255,0.3365631372509839,-0.39072198840499617,0.6690471505964135
-0.6736024507339989,0.37262226854741015,-0.20219968659299023,-0.020201291769594114,0.7441170595409313,-0.25152400759684773,0.7086700089200713,0.8595883744909907,0.7741247429129567
-1.094979124247977,1.0215852127625302,-0.4433928486224658,0.03017454212070896,-0.9831081151419183,-0.9934598400128408,-2.7891345847693327,0.15628879536199847,-1.2223495111013716
-1.094979124247977,0.37262226854741015,0.1595900564512226,-0.8765904679047575,0.6361654861232532,-0.21619372986275281,0.2621417629171684,1.0158771698529891,1.8249006660783924
-0.3124224448648746,1.0756654581137903,-0.20219968659299023,1.6422012266104289,-0.8751565417242402,-0.8168084513423662,0.03887763991571531,-0.07814439768099923,0.14365918901369565
0.5604292359855094,2.1572703651389906,4.139277229937566,0.08055037601101343,-0.8751565417242402,-0.039542341192278285,-1.8216567184297117,0.7032995791289922,-0.3817287725690222
-0.011439106640604017,-1.2497850919903903,0.2801866374659604,-0.27208046122111296,0.6361654861232532,1.726971545512467,1.3784623779244238,-0.31257759072399693,-0.5918839572021086
0.40993756687337407,-0.8712233745315702,-0.8051825916666789,-0.9269663017950612,2.0395359405530686,0.3490907138827657,0.7086700089200713,0.2344331930429977,-0.6969615495186537
0.8614125742097799,1.8868691383826903,-0.4433928486224658,1.5414495588298214,-0.22744710121817158,1.8329623787147518,-1.1518643494253558,-0.7814439768099914,-1.3274271034179148
-0.19202910957516636,0.37262226854741015,-0.5639894296372036,-0.3728321290017198,1.283874926629322,1.4796596013738028,0.7086700089200713,-0.4688663860859954,-1.432504695734458
1.2827892477237581,-0.9793838652340902,0.0389934754364848,0.5339328810237467,-0.5513018214712059,-0.0748726189263732,-0.5564933547548185,0.5470107837669937,-0.5918839572021086
-1.5765524654068095,1.4001469302213503,-0.6845860106519411,-0.5239596306726318,-0.9831081151419183,-1.1701112286833153,-0.8541788520900871,0.625155181447993,-0.17157358793593583
-1.2153724595376851,-0.06001969426267004,-0.08160310557825298,-0.5239596306726318,0.8520686329586095,0.5257421025532403,0.7830913832538867,2.578765123472972,0.24873678133023885
1.5837725859480285,-0.3845011663702301,3.4156977438491403,0.6346845488043542,0.420262339287897,1.9389532119170365,-1.1518643494253558,-0.9377327721719899,-0.8370650059407075
0.2895442315836659,-0.16818018496519002,1.0037661235543867,-0.4232079628920243,0.20435919245254083,2.6808890443330298,-0.40765060608718756,-0.5470107837669946,-1.1172719187848266
-0.3124224448648746,0.04814079643985008,-0.08160310557825298,-1.3299729729174912,-0.11949552780049348,-0.534166229469607,-1.0030216007577215,1.2503103628959868,0.8792023352295
0.2895442315836659,1.2919864395188303,0.2801866374659604,0.03017454212070896,-0.9831081151419183,-0.39284511853322734,-1.4495498467606243,1.0940215675339884,0.35381437364678203
0.7410192389200717,-1.4120258280441704,-0.5639894296372036,0.7858120504752655,-0.011543954382815382,-0.145533174394563,0.4109845115848027,-0.4688663860859954,-1.2223495111013716
0.9818059094994881,0.48078275924992997,-0.4433928486224658,0.3324295454625323,-0.659253394888884,1.726971545512467,-0.25880785741955326,-0.15628879536199847,-1.0121943264682833
-0.011439106640604017,-0.9793838652340902,0.0389934754364848,-0.5743354645629348,-0.22744710121817158,-0.6048267849377968,0.6342486345862525,0.625155181447993,2.245211035344567
-0.6134057830891448,1.6705481569776501,1.2449592855838616,-0.5743354645629348,-1.1990112619772746,-1.1701112286833153,-2.0449208414311615,-0.07814439768099923,-0.8020391418351969
-0.011439106640604017,1.0215852127625302,-0.4433928486224658,-0.07057712565989788,-0.9831081151419183,-1.0641203954810305,-0.7053361034224528,0.9377327721719899,1.0893575198625882
-0.011439106640604017,-1.0334641105853501,-1.166972334710892,-0.3728321290017198,-1.0910596885595965,-0.8168084513423662,0.03887763991571531,1.328454760576986,-0.8020391418351969
-1.1551757918928311,0.7511839860062303,0.2801866374659604,0.08055037601101343,0.09640761903486272,0.8790448798941893,-0.10996510875191898,-1.2503103628959868,-1.0121943264682833
0.4701342345182282,-1.0875443559366103,-0.4433928486224658,-0.12095295955020165,0.420262339287897,-0.0748726189263732,0.559827260252437,-0.15628879536199847,-0.27665118025247903
-0.914389121313415,0.31854202319615005,-0.322796267607728,-0.8765904679047575,-1.1990112619772746,-0.9934598400128408,-0.10996510875191898,1.2503103628959868,0.8792023352295
0.6507242374527905,0.10222104179111013,0.40078321848069814,0.7354362165849617,0.20435919245254083,0.9143751576282843,-0.40765060608718756,-0.07814439768099923,-0.17157358793593583
-0.9745857889582691,1.4001469302213503,-0.322796267607728,1.4910737249395176,-1.0910596885595965,-1.1701112286833153,-0.03554373441810018,-0.15628879536199847,0.984279927546045
1.1623959124340497,-1.3579455826929103,-0.322796267607728,-0.8765904679047575,1.7156812203000342,-0.00421206345818338,0.7086700089200713,-0.5470107837669946,1.509667889128763
-0.7337991183788527,1.12974570346505,0.1595900564512226,0.2820537115722278,-0.9831081151419183,-0.8168084513423662,-1.2262857237591744,-1.0940215675339884,0.14365918901369565
1.4332809168358933,-1.4120258280441704,0.6419763805101733,-0.4735837967823273,1.1759233532116438,0.3137604361486708,1.4528837522582394,-0.31257759072399693,1.1944351121791315
-0.9745857889582691,2.1572703651389906,0.0389934754364848,2.095583731623162,-1.3069628353949525,-1.2407717841515051,-0.8541788520900871,-0.8595883744909907,1.6147454814453062
-1.094979124247977,0.7511839860062303,2.812714838775452,-1.3299729729174912,-1.3069628353949525,-1.2054415064174102,0.48540588591861816,0.15628879536199847,1.2995127044956747
1.3128875815461851,-1.2497850919903903,-0.08160310557825298,-1.3803488068077945,-0.8751565417242402,-0.9581295622787459,1.0063555062553398,-0.07814439768099923,1.1944351121791315
1.4332809168358933,-1.1957048466391302,-0.08160310557825298,0.5339328810237467,-0.011543954382815382,0.3844209916168606,-0.40765060608718756,0.07814439768099923,-0.5918839572021086
0.1089542286491042,-0.1140999396139301,1.2449592855838616,-0.27208046122111296,0.09640761903486272,2.4335771001943654,-0.33322923175336877,-0.2344331930429977,-1.0121943264682833
0.5905275698079364,-1.0875443559366103,0.40078321848069814,-0.2217046273308092,-0.011543954382815382,1.4796596013738028,1.4528837522582394,-0.7814439768099914,-0.9071167341517401
0.7410192389200717,-0.7630628838290502,-0.4433928486224658,-0.3224562951114167,1.8236327937177124,0.031118214275911528,1.8994119982611424,0.5470107837669937,-0.17157358793593583
0.34974089922852,0.21038153249362995,0.0389934754364848,-0.3728321290017198,-0.011543954382815382,0.4197512693509555,1.0807768805891553,-0.39072198840499617,-0.17157358793593583
2.3964275991535584,-0.1140999396139301,0.2801866374659604,0.2820537115722278,-0.33539867463584966,1.762301823246562,1.2296196292567896,-0.7814439768099914,-0.5918839572021086
-0.43281578015458244,-0.33042092101897,-0.9257791726814164,-0.6247112984532387,-1.3069628353949525,-0.9934598400128408,0.7086700089200713,-0.625155181447993,-1.2223495111013716
-1.5765524654068095,0.85934447670875,-0.4433928486224658,-0.07057712565989788,-0.4433502480535278,-0.5694965072037019,-0.7797574777562716,1.2503103628959868,-1.0121943264682833
0.8313142403873529,0.37262226854741015,0.1595900564512226,-0.6750871323435425,2.0395359405530686,2.080274322853416,-0.33322923175336877,1.0940215675339884,2.560443812294199
0.5905275698079364,-0.9253036198828303,-0.20219968659299023,0.1309262099013172,-0.4433502480535278,2.2922559892579857,-1.2262857237591744,0.15628879536199847,-0.5918839572021086
0.4701342345182282,-1.2497850919903903,-0.6845860106519411,0.685060382694658,1.0679717797939656,1.9742834896511314,0.2621417629171684,-0.7814439768099914,-0.27665118025247903
0.7109209050976446,-1.4120258280441704,-0.5639894296372036,-0.4735837967823273,1.283874926629322,0.4197512693509555,-0.03554373441810018,-0.07814439768099923,0.6690471505964135
0.13905256247153125,-1.0875443559366103,1.9685387716722877,0.2820537115722278,1.283874926629322,0.6317329357555249,0.3365631372509839,0.2344331930429977,0.35381437364678203
0.5303309021630823,-0.6549023931265301,0.0389934754364848,-0.7254629662338462,-0.5513018214712059,-0.039542341192278285,-0.9286002264239059,-0.39072198840499617,-0.9071167341517401
0.8313142403873529,-1.1957048466391302,-0.9257791726814164,-2.135986315162351,-1.1990112619772746,-1.2054415064174102,0.6342486345862525,-1.328454760576986,-1.0121943264682833
0.34974089922852,-0.16818018496519002,0.1595900564512226,-1.8841071457108323,0.09640761903486272,0.9497054353623792,1.0807768805891553,0.07814439768099923,2.245211035344567
-1.5163557977619555,1.2379061941675702,0.8831695425396487,-0.12095295955020165,1.391826500047,0.10177876974410134,-0.8541788520900871,1.2503103628959868,-0.17157358793593583
-0.19202910957516636,-0.8712233745315702,0.2801866374659604,-0.6750871323435425,-1.1990112619772746,-1.0287901177469356,-0.10996510875191898,-1.328454760576986,0.14365918901369565
0.5303309021630823,-0.6549023931265301,0.0389934754364848,-0.7254629662338462,-0.5513018214712059,-0.039542341192278285,-0.9286002264239059,-0.39072198840499617,-0.9071167341517401
-0.2522257772200205,-1.3038653373416504,-0.20219968659299023,-0.07057712565989788,2.255439087388425,2.3982468224602704,-1.5983925954282585,-0.8595883744909907,-0.6969615495186537
1.0721009109667687,-0.9793838652340902,1.6670473191354436,-0.7254629662338462,-0.767204968306562,-0.9581295622787459,0.8575127575877055,-0.9377327721719899,2.3502886276611106
-0.37261911250972835,-0.16818018496519002,0.5213797994954354,0.5339328810237467,1.391826500047,2.150934878321606,-1.5983925954282585,-0.625155181447993,-1.2223495111013716
-1.3959624624722475,0.6430234953037102,-0.8051825916666789,-0.977342135685365,-0.659253394888884,-0.4635056740014172,0.7086700089200713,-0.8595883744909907,-0.9071167341517401
-0.011439106640604017,-0.06001969426267004,0.2801866374659604,-0.020201291769594114,-0.5513018214712059,-0.21619372986275281,1.0807768805891553,-1.0940215675339884,0.6690471505964135
-0.3124224448648746,-0.9793838652340902,-0.20219968659299023,-0.8765904679047575,0.31231076587021894,-0.18086345212865793,-0.10996510875191898,0.07814439768099923,-0.8020391418351969
-0.914389121313415,0.31854202319615005,-0.4433928486224658,-0.977342135685365,-0.011543954382815382,-0.534166229469607,-0.6309147290886373,0.7032995791289922,0.984279927546045
0.34974089922852,1.6164679116263907,0.8831695425396487,3.606858748332274,-1.0910596885595965,-1.0287901177469356,-0.7797574777562716,3.0476315095589674,1.2995127044956747
0.6507242374527905,-1.0875443559366103,-0.4433928486224658,0.08055037601101343,-0.767204968306562,-0.4988359517355121,2.6436257415993136,0.7032995791289922,-0.8020391418351969
-0.7337991183788527,0.1563012871423699,-0.5639894296372036,-0.17132879344050542,1.499778073464678,0.8083843244259995,1.0063555062553398,-0.39072198840499617,-0.9071167341517401
-0.5532091154442906,-0.22226043031645007,-0.6845860106519411,-0.17132879344050542,0.6361654861232532,0.45508154708505044,1.5273051265920583,-0.31257759072399693,-0.9071167341517401
0.7109209050976446,-0.8712233745315702,-0.322796267607728,0.18130204379162096,0.31231076587021894,2.0449440451193213,0.1877203885833496,-0.9377327721719899,-0.17157358793593583
1.1623959124340497,-1.3579455826929103,-0.322796267607728,-0.8765904679047575,1.7156812203000342,-0.00421206345818338,0.7086700089200713,-0.5470107837669946,1.509667889128763
0.22934756393881242,-0.3845011663702301,-0.322796267607728,-0.020201291769594114,-0.011543954382815382,2.186265156055701,0.1132990142495341,-0.7814439768099914,-0.9071167341517401
-0.9444874551358421,1.2379061941675702,0.1595900564512226,0.3324295454625323,2.579293807641459,2.221595433789796,0.3365631372509839,1.0940215675339884,0.6690471505964135
1.373084249191039,-1.3579455826929103,-0.20219968659299023,-1.1284696373562764,-0.4433502480535278,-0.8874690068105561,0.559827260252437,-1.8754655443439798,2.560443812294199
-0.19202910957516636,-1.4120258280441704,-0.08160310557825298,-0.6750871323435425,-0.011543954382815382,-0.3575148407991325,1.973833372594961,-0.39072198840499617,2.245211035344567
-0.7337991183788527,-0.5467419024240101,-0.6845860106519411,-0.6247112984532387,-0.4433502480535278,-0.6401570626718918,0.7830913832538867,0.7814439768099914,-0.27665118025247903
-0.9745857889582691,0.31854202319615005,-0.6845860106519411,-0.7254629662338462,-1.1990112619772746,-1.2407717841515051,0.3365631372509839,-0.7032995791289922,2.560443812294199
-0.07163577428545813,-1.3038653373416504,-0.8051825916666789,0.1309262099013172,-0.22744710121817158,-0.42817539626732226,0.3365631372509839,-0.7814439768099914,0.14365918901369565
-1.094979124247977,0.6430234953037102,0.1595900564512226,-0.07057712565989788,-0.33539867463584966,0.4904118248191453,-0.10996510875191898,-1.328454760576986,-1.432504695734458
0.22934756393881242,0.26446177784489,0.5213797994954354,0.38280537935283604,-0.011543954382815382,0.10177876974410134,-1.5239712210944432,2.1880431350679768,-0.3817287725690222
-1.87753580363108,1.4001469302213503,-0.5639894296372036,0.43318121324313913,-0.659253394888884,-0.7108176181400815,0.3365631372509839,0.2344331930429977,0.03858159669715244
-0.5532091154442906,-0.1140999396139301,0.1595900564512226,-0.17132879344050542,1.283874926629322,0.8437146021600944,2.1226761212625953,-0.39072198840499617,0.7741247429129567
-0.5532091154442906,0.85934447670875,3.777487486893353,-0.5743354645629348,1.499778073464678,3.034191821673979,0.7830913832538867,0.625155181447993,0.14365918901369565
0.34974089922852,-0.7089826384777902,0.6419763805101733,0.7354362165849617,-0.11949552780049348,0.7023934912237147,-1.0774429750915402,-0.15628879536199847,-1.3274271034179148
-1.997929138920788,0.85934447670875,-0.9257791726814164,-1.2292213051368834,0.31231076587021894,-0.4635056740014172,-0.18438648308573446,0.3907219884049953,0.8792023352295
-0.011439106640604017,-0.9253036198828303,0.1595900564512226,0.4835570471334429,0.5282139127055752,0.20776960294638608,0.1877203885833496,1.7191767489819814,0.24873678133023885
-1.2755691271825393,0.31854202319615005,-0.5639894296372036,-0.77583880012415,-0.11949552780049348,-0.25152400759684773,0.7086700089200713,-0.625155181447993,2.3502886276611106
-0.43281578015458244,0.37262226854741015,0.1595900564512226,0.8865637182558731,0.5282139127055752,-0.18086345212865793,-0.5564933547548185,0.5470107837669937,0.45889196596332715
0.40993756687337407,-0.8712233745315702,-0.8051825916666789,-0.9269663017950612,2.0395359405530686,0.3490907138827657,0.7086700089200713,0.2344331930429977,-0.6969615495186537
0.34974089922852,2.1572703651389906,-0.20219968659299023,-0.3728321290017198,-0.5513018214712059,0.13710904747819624,-0.4820719804210031,-0.5470107837669946,-1.432504695734458
0.04875756100425009,-0.9793838652340902,-0.5639894296372036,-0.2217046273308092,0.9600202063762875,0.06644849201000644,2.1226761212625953,0.31257759072399693,-0.06649599561939076
-0.011439106640604017,-0.22226043031645007,0.40078321848069814,0.1309262099013172,-1.1990112619772746,-0.8874690068105561,-0.40765060608718756,-0.5470107837669946,-0.48680636488556545
1.3128875815461851,-0.9793838652340902,-0.8051825916666789,0.6346845488043542,-0.5513018214712059,0.06644849201000644,-0.5564933547548185,-1.0940215675339884,-0.5918839572021086
0.34974089922852,-0.33042092101897,-0.74488430115931,-1.1788454712465797,-0.767204968306562,-0.7461478958741764,0.48540588591861816,-1.1721659652149876,1.404590296812218
-0.07163577428545813,-1.4120258280441704,-0.322796267607728,-0.8765904679047575,2.687245381059137,0.3844209916168606,1.6761478752596926,2.266187532748976,0.35381437364678203
0.1089542286491042,-0.9253036198828303,-0.4433928486224658,-0.020201291769594114,-0.5513018214712059,-0.9581295622787459,0.8575127575877055,-0.39072198840499617,1.1944351121791315
0.2895442315836659,-1.3038653373416504,-0.6845860106519411,-0.7254629662338462,-1.1990112619772746,-1.1347809509492204,1.0807768805891553,0.31257759072399693,-0.9071167341517401
1.9148542579947254,-1.2497850919903903,-0.08160310557825298,-1.1284696373562764,1.8236327937177124,0.17243932521229116,1.5273051265920583,-0.625155181447993,2.0350558507114807
1.1322975786116227,-1.4120258280441704,-0.9257791726814164,0.5339328810237467,0.7441170595409313,-0.42817539626732226,0.48540588591861816,-0.4688663860859954,-0.3817287725690222
-0.914389121313415,-0.06001969426267004,-0.5639894296372036,-0.3728321290017198,0.6361654861232532,0.20776960294638608,1.8994119982611424,-0.15628879536199847,-0.5918839572021086
1.1623959124340497,-0.6008221477752702,-0.6845860106519411,0.38280537935283604,-0.5513018214712059,0.3137604361486708,-0.6309147290886373,1.0158771698529891,-0.9071167341517401
0.40993756687337407,-0.6549023931265301,-0.4433928486224658,0.1309262099013172,1.0679717797939656,0.17243932521229116,-1.30070709809299,-0.625155181447993,-0.6969615495186537
0.5303309021630823,-0.33042092101897,-0.8051825916666789,-0.27208046122111296,2.255439087388425,0.59640265802143,-1.5983925954282585,-1.8754655443439798,-1.1172719187848266
-1.2755691271825393,0.53486300460119,-0.20219968659299023,-0.12095295955020165,-0.4433502480535278,-0.42817539626732226,0.1132990142495341,1.7191767489819814,1.7198230737618494
-1.5765524654068095,-0.005939448911409981,-0.4433928486224658,-1.481100474588402,0.420262339287897,1.1970173795010435,-1.2262857237591744,1.1721659652149876,0.5639695582798703
0.4701342345182282,-0.4385814117214902,-0.5639894296372036,-0.12095295955020165,0.31231076587021894,1.5149898791078977,2.0482547469287766,-0.5470107837669946,-1.1172719187848266
-0.7337991183788527,0.31854202319615005,3.89808406790809,0.2820537115722278,-0.5513018214712059,0.13710904747819624,0.48540588591861816,1.0158771698529891,0.14365918901369565
0.4701342345182282,-1.1957048466391302,0.1595900564512226,-0.27208046122111296,0.31231076587021894,1.5856504345760876,1.6017265009258737,-0.7032995791289922,-0.9071167341517401
-0.07163577428545813,-1.3038653373416504,-0.8051825916666789,0.1309262099013172,-0.22744710121817158,-0.42817539626732226,0.3365631372509839,-0.7814439768099914,0.14365918901369565
0.4701342345182282,2.1031901197877305,-0.08160310557825298,-0.9269663017950612,-0.9831081151419183,-0.6401570626718918,-2.11934221576498,-0.5470107837669946,-0.48680636488556545
-0.011439106640604017,-0.9253036198828303,0.1595900564512226,0.4835570471334429,0.5282139127055752,0.20776960294638608,0.1877203885833496,1.7191767489819814,0.24873678133023885
-0.37261911250972835,0.9675049674112702,0.6419763805101733,-0.8262146340144537,-1.1990112619772746,-1.2407717841515051,0.1132990142495341,-0.15628879536199847,1.9299782583949356
-0.6134057830891448,0.48078275924992997,-0.9257791726814164,0.3324295454625323,0.09640761903486272,-0.145533174394563,0.1877203885833496,-0.7032995791289922,-1.2223495111013716
-1.6969458006965177,1.5083074209238705,0.1595900564512226,0.08055037601101343,1.0679717797939656,0.4904118248191453,0.559827260252437,-0.7814439768099914,-1.2223495111013716
-0.011439106640604017,0.85934447670875,-0.08160310557825298,0.2820537115722278,-0.767204968306562,-0.18086345212865793,1.973833372594961,-0.2344331930429977,0.14365918901369565
-0.8541924536685609,1.18382594881631,0.2801866374659604,-0.4232079628920243,0.7441170595409313,1.444329323639708,0.03887763991571531,0.46886638608599457,-0.8020391418351969
0.8313142403873529,0.6971037406549702,1.0037661235543867,0.08055037601101343,0.6361654861232532,0.5610723802873352,0.4109845115848027,0.5470107837669937,1.1944351121791315
-1.0347824566031232,1.8327888930314302,0.2801866374659604,-0.4232079628920243,0.8520686329586095,0.031118214275911528,0.48540588591861816,1.1721659652149876,0.7741247429129567
-0.5532091154442906,0.7511839860062303,0.40078321848069814,0.03017454212070896,-0.9831081151419183,-1.1347809509492204,0.9319341319215211,-0.7814439768099914,1.9299782583949356
-0.8541924536685609,1.6164679116263907,-0.322796267607728,0.5843087149140505,-0.9831081151419183,-0.6754873404059867,-1.30070709809299,0.5470107837669937,0.5639695582798703
-1.2755691271825393,0.7511839860062303,-0.20219968659299023,-1.1788454712465797,-0.9831081151419183,-1.1701112286833153,-0.03554373441810018,0.31257759072399693,0.8792023352295
-0.07163577428545813,2.0491098744364704,0.0389934754364848,1.2895703893783026,-0.9831081151419183,-0.9934598400128408,-1.6728139697620774,0.15628879536199847,1.509667889128763
0.04875756100425009,-0.005939448911409981,-0.4433928486224658,0.9873153860364806,0.09640761903486272,1.020365990830569,-1.2262857237591744,-0.5470107837669946,-1.0121943264682833
-0.9745857889582691,-0.27634067566771015,-0.08160310557825298,0.23167787768192405,0.5282139127055752,0.7730540466919046,0.6342486345862525,-0.7814439768099914,-0.27665118025247903
-1.6367491330516637,1.2379061941675702,0.40078321848069814,0.3324295454625323,-0.011543954382815382,-0.3575148407991325,0.7830913832538867,2.0317543397059783,-0.3817287725690222
0.2895442315836659,-0.005939448911409981,-0.20219968659299023,-1.0780938034659726,1.391826500047,0.7730540466919046,-0.10996510875191898,-1.6410323513009826,-0.27665118025247903
0.7711175727424987,1.8327888930314302,-0.322796267607728,1.5414495588298214,-0.33539867463584966,1.6563109900442772,-0.8541788520900871,-0.9377327721719899,-1.2223495111013716
-0.13183244193031224,-0.9253036198828303,-0.20219968659299023,1.6925770605007326,-0.5513018214712059,-0.039542341192278285,-1.0030216007577215,-0.15628879536199847,-0.9071167341517401
0.8313142403873529,-1.4120258280441704,-0.6845860106519411,-0.3224562951114167,-0.22744710121817158,-0.1102028966604681,1.4528837522582394,-0.625155181447993,-1.0121943264682833
-2.0581258065656423,0.7511839860062303,-0.6845860106519411,-0.977342135685365,-0.8751565417242402,-0.8168084513423662,-0.25880785741955326,0.46886638608599457,0.7741247429129567
-0.43281578015458244,1.2379061941675702,0.2801866374659604,0.1309262099013172,0.6361654861232532,1.1263568240328536,0.2621417629171684,-0.5470107837669946,-0.6969615495186537
1.0119042433219145,-0.22226043031645007,-0.5639894296372036,0.1309262099013172,0.31231076587021894,1.7976321009806568,-0.03554373441810018,-1.2503103628959868,-0.9071167341517401
-0.19202910957516636,0.04814079643985008,-0.322796267607728,-0.5239596306726318,-0.11949552780049348,-0.6401570626718918,0.2621417629171684,-0.07814439768099923,1.7198230737618494
-0.2522257772200205,0.80526423135749,1.1243627045691238,0.5339328810237467,1.1759233532116438,0.3137604361486708,-0.03554373441810018,-0.8595883744909907,0.14365918901369565
0.1089542286491042,1.2379061941675702,0.6419763805101733,0.6346845488043542,2.795196954476815,2.3629165447261755,-1.7472353440958928,-0.2344331930429977,-1.2223495111013716
-1.4561591301171013,1.18382594881631,-0.322796267607728,0.5843087149140505,-0.9831081151419183,-1.0994506732151255,-0.40765060608718756,-0.15628879536199847,2.140133443028024
1.8546575903498714,0.5889432499524501,0.2801866374659604,0.23167787768192405,1.1759233532116438,0.9497054353623792,-1.1518643494253558,-0.9377327721719899,-0.48680636488556545
-0.7337991183788527,0.21038153249362995,-0.6845860106519411,3.808362083893489,-1.4149144088126306,0.06644849201000644,-0.03554373441810018,2.1098987373869775,-0.9071167341517401
-1.2454707933601123,0.7511839860062303,-0.20219968659299023,-0.12095295955020165,-1.3069628353949525,-1.311432339619695,-0.33322923175336877,0.2344331930429977,1.6147454814453062
0.4701342345182282,-0.9793838652340902,-0.6845860106519411,-0.5239596306726318,-0.11949552780049348,0.06644849201000644,0.48540588591861816,-0.7814439768099914,0.6690471505964135
0.40993756687337407,1.2379061941675702,-0.322796267607728,-0.5743354645629348,-0.11949552780049348,0.13710904747819624,-0.10996510875191898,-0.625155181447993,-0.8020391418351969
-0.4930124477994366,0.85934447670875,-1.0463757536961542,3.2038520772098438,2.0395359405530686,0.17243932521229116,0.48540588591861816,1.7191767489819814,-0.48680636488556545
-0.6736024507339989,1.2379061941675702,-0.4433928486224658,0.3324295454625323,0.09640761903486272,-0.00421206345818338,1.2296196292567896,0.0,-1.3274271034179148
-0.2522257772200205,0.21038153249362995,0.5213797994954354,-0.77583880012415,-0.5513018214712059,-0.534166229469607,0.1132990142495341,0.2344331930429977,0.8792023352295
-0.2522257772200205,0.10222104179111013,0.5213797994954354,-0.6750871323435425,-0.9831081151419183,-0.9581295622787459,-0.5564933547548185,-0.8595883744909907,-0.06649599561939076
-0.6736024507339989,-0.1140999396139301,-0.6845860106519411,-0.07057712565989788,-1.1990112619772746,-1.1347809509492204,-0.25880785741955326,-0.39072198840499617,-0.9071167341517401
-1.3056674610049663,0.6971037406549702,-1.4081654967403674,-1.1284696373562764,-0.8751565417242402,-1.1347809509492204,-0.18438648308573446,-0.9377327721719899,1.1944351121791315
2.2459359300414232,-1.1957048466391302,-0.08160310557825298,-0.6750871323435425,-0.8751565417242402,-1.0641203954810305,1.6017265009258737,-0.4688663860859954,0.45889196596332715
-0.7939957860237068,0.26446177784489,0.0389934754364848,-0.3728321290017198,-0.659253394888884,0.10177876974410134,0.7086700089200713,-0.7814439768099914,-1.0121943264682833
1.5837725859480285,-0.3845011663702301,3.4156977438491403,0.6346845488043542,0.420262339287897,1.9389532119170365,-1.1518643494253558,-0.9377327721719899,-0.8020391418351969
-0.43281578015458244,1.2379061941675702,0.2801866374659604,0.1309262099013172,0.6361654861232532,1.1263568240328536,0.2621417629171684,-0.5470107837669946,-0.6969615495186537
-0.6736024507339989,1.5083074209238705,-1.0463757536961542,0.685060382694658,0.7441170595409313,-0.0748726189263732,-2.1937635900987957,0.9377327721719899,-0.48680636488556545
0.9818059094994881,-0.8712233745315702,-0.9257791726814164,0.5339328810237467,-1.3069628353949525,-1.0994506732151255,-0.03554373441810018,0.07814439768099923,-0.8545779379934676
0.34974089922852,-1.4120258280441704,-0.20219968659299023,0.7354362165849617,-1.3069628353949525,-1.0641203954810305,2.2715188699302296,-0.15628879536199847,1.1944351121791315
-1.5765524654068095,0.85934447670875,-0.4433928486224658,-0.07057712565989788,-0.4433502480535278,-0.5694965072037019,-0.7797574777562716,1.2503103628959868,-1.0121943264682833
1.252690913901331,-0.1140999396139301,-0.5639894296372036,1.3399462232686064,0.31231076587021894,2.080274322853416,-0.40765060608718756,-0.39072198840499617,-1.1172719187848266
0.5905275698079364,-0.7630628838290502,-0.6845860106519411,-0.4735837967823273,2.4713422342237807,0.10177876974410134,0.48540588591861816,1.953609942024979,1.509667889128763
-1.6969458006965177,0.4267025138986702,3.295101162834402,-0.977342135685365,-0.767204968306562,-0.7461478958741764,-0.7053361034224528,2.3443319304299743,0.5639695582798703
-0.6736024507339989,0.6971037406549702,-0.20219968659299023,-0.8765904679047575,-0.33539867463584966,-0.42817539626732226,-0.40765060608718756,0.07814439768099923,-0.17157358793593583
-0.07163577428545813,-1.3579455826929103,-0.322796267607728,-0.3728321290017198,-0.659253394888884,-0.6401570626718918,0.1132990142495341,-0.625155181447993,-0.9071167341517401
-0.7337991183788527,1.4001469302213503,-0.4433928486224658,0.5339328810237467,-0.011543954382815382,0.3844209916168606,-2.11934221576498,0.15628879536199847,-0.17157358793593583
-1.3959624624722475,1.2379061941675702,-0.20219968659299023,0.7354362165849617,0.6361654861232532,0.5610723802873352,-0.03554373441810018,0.2344331930429977,-0.27665118025247903
0.40993756687337407,0.26446177784489,-0.20219968659299023,0.43318121324313913,1.1759233532116438,0.6670632134896198,-1.0030216007577215,-0.07814439768099923,-0.17157358793593583
0.6507242374527905,0.04814079643985008,-0.4433928486224658,0.08055037601101343,0.20435919245254083,1.691641267778372,-0.40765060608718756,-0.4688663860859954,-0.5918839572021086
0.04875756100425009,-1.1957048466391302,-0.8051825916666789,-0.27208046122111296,0.20435919245254083,-0.42817539626732226,0.1132990142495341,-0.625155181447993,-0.3817287725690222
-1.2153724595376851,0.9675049674112702,-0.9257791726814164,-0.9269663017950612,0.09640761903486272,-0.21619372986275281,-0.7053361034224528,1.0940215675339884,-0.3817287725690222
2.8780009403123907,-0.9253036198828303,-0.08160310557825298,-0.8262146340144537,-0.8751565417242402,-0.21619372986275281,0.03887763991571531,-0.7032995791289922,-1.432504695734458
0.5905275698079364,0.48078275924992997,0.5213797994954354,0.23167787768192405,1.391826500047,0.3137604361486708,-0.03554373441810018,-0.15628879536199847,0.45889196596332715
0.22934756393881242,-1.2497850919903903,-0.8051825916666789,0.1309262099013172,0.31231076587021894,-0.28685428533094265,0.9319341319215211,-0.07814439768099923,-0.3817287725690222
0.16915089629395832,-1.4120258280441704,-0.8051825916666789,-0.5743354645629348,-0.8751565417242402,-0.922799284544651,-0.40765060608718756,0.0,-1.0121943264682833
0.40993756687337407,-1.3579455826929103,-0.322796267607728,-1.2795971390271874,-1.0910596885595965,-1.0641203954810305,1.5273051265920583,-0.625155181447993,1.0893575198625882
-0.2522257772200205,-0.9793838652340902,-0.322796267607728,-0.8765904679047575,0.31231076587021894,-0.32218456306503757,0.1132990142495341,0.0,-0.6969615495186537
-0.9745857889582691,1.7787086476801701,-0.20219968659299023,3.55648291444197,-0.9831081151419183,-0.8874690068105561,-2.0449208414311615,3.203920304920966,-1.0121943264682833
0.5303309021630823,-1.3579455826929103,-0.4433928486224658,-0.3728321290017198,-0.22744710121817158,-0.18086345212865793,1.2296196292567896,0.07814439768099923,-0.5918839572021086
-0.4930124477994366,-1.4120258280441704,-0.9257791726814164,-1.9848588134914393,-1.3069628353949525,-1.1347809509492204,1.2296196292567896,1.6410323513009821,1.404590296812218
2.667312603555401,-0.8712233745315702,-0.322796267607728,1.5414495588298214,-0.4433502480535278,-0.7461478958741764,-0.40765060608718756,-1.0940215675339884,-0.9071167341517401
0.2895442315836659,-0.9253036198828303,-0.08160310557825298,-0.8262146340144537,2.0395359405530686,0.06644849201000644,1.0807768805891553,0.7814439768099914,2.4553662199776536
-1.2755691271825393,1.12974570346505,1.4861524476133372,-0.7254629662338462,0.31231076587021894,-0.039542341192278285,0.559827260252437,0.15628879536199847,0.6690471505964135
0.7711175727424987,0.5889432499524501,3.295101162834402,1.4406978910492139,-0.4433502480535278,0.7730540466919046,0.03887763991571531,0.0,0.03858159669715244
-0.19202910957516636,0.04814079643985008,-0.322796267607728,-0.5239596306726318,-0.11949552780049348,-0.6401570626718918,0.2621417629171684,-0.07814439768099923,1.7198230737618494
-1.2755691271825393,-0.9253036198828303,-1.166972334710892,-0.77583880012415,-0.011543954382815382,-0.534166229469607,0.7830913832538867,0.46886638608599457,-0.3817287725690222
-1.3357657948273935,0.85934447670875,-0.4433928486224658,-1.481100474588402,-0.9831081151419183,-0.6754873404059867,0.9319341319215211,1.4065991582579844,1.6147454814453062
-1.3959624624722475,1.4001469302213503,-0.9257791726814164,1.5918253927201251,-0.33539867463584966,-0.21619372986275281,-0.4820719804210031,-0.4688663860859954,-0.9071167341517401
1.7643625888825902,-1.3038653373416504,0.40078321848069814,-0.4735837967823273,0.20435919245254083,-0.32218456306503757,1.973833372594961,1.953609942024979,2.0350558507114807
-0.8541924536685609,-1.0875443559366103,-0.6845860106519411,-0.17132879344050542,-0.33539867463584966,0.20776960294638608,0.4109845115848027,-0.9377327721719899,-0.48680636488556545
-0.37261911250972835,-1.4120258280441704,-0.5639894296372036,-0.2217046273308092,1.0679717797939656,0.031118214275911528,1.3784623779244238,-0.8595883744909907,0.8792023352295
1.4633792506583203,-0.22226043031645007,-0.08160310557825298,-0.8765904679047575,-0.659253394888884,-0.039542341192278285,-1.5983925954282585,-0.7032995791289922,-1.0121943264682833
-1.3357657948273935,1.6164679116263907,0.5213797994954354,-0.07057712565989788,-0.9831081151419183,-0.922799284544651,-1.2262857237591744,2.1880431350679768,1.404590296812218
-0.9745857889582691,1.0756654581137903,-0.322796267607728,-0.3728321290017198,0.9600202063762875,0.031118214275911528,0.6342486345862525,1.6410323513009821,0.6690471505964135
0.22934756393881242,-0.6008221477752702,-0.6845860106519411,-0.17132879344050542,0.20435919245254083,0.7730540466919046,0.1132990142495341,-0.31257759072399693,0.14365918901369565
-1.2755691271825393,1.4542271755726104,-0.20219968659299023,-1.0780938034659726,-1.3069628353949525,-1.1701112286833153,-2.1937635900987957,1.4847435559389837,0.5639695582798703
1.5235759183031745,-0.22226043031645007,-0.20219968659299023,-0.12095295955020165,-0.33539867463584966,0.17243932521229116,-1.0030216007577215,-1.0158771698529891,-0.8020391418351969
-1.3959624624722475,1.2379061941675702,0.2801866374659604,-1.1284696373562764,-1.0910596885595965,-1.0641203954810305,-1.970499467097346,0.7814439768099914,0.14365918901369565
1.5536742521256015,-0.8712233745315702,0.2801866374659604,-0.020201291769594114,3.2270032481475277,1.5503201568419926,1.2296196292567896,-0.8595883744909907,-0.3817287725690222
-1.2755691271825393,1.12974570346505,0.2801866374659604,0.18130204379162096,-0.11949552780049348,-0.3575148407991325,0.3365631372509839,1.2503103628959868,0.14365918901369565
1.1623959124340497,-1.4120258280441704,-0.322796267607728,-0.6750871323435425,1.607729646882356,-0.28685428533094265,1.2296196292567896,0.07814439768099923,1.0893575198625882
0.8313142403873529,-1.4120258280441704,-1.166972334710892,0.7354362165849617,-0.9831081151419183,-1.0641203954810305,0.8575127575877055,-0.4688663860859954,-0.9071167341517401
-1.2153724595376851,1.6705481569776501,-0.4433928486224658,-0.3728321290017198,1.283874926629322,0.7730540466919046,-0.25880785741955326,1.1721659652149876,0.35381437364678203
-1.7571424683413719,0.5889432499524501,-0.20219968659299023,-1.2292213051368834,-0.11949552780049348,-0.25152400759684773,-0.6309147290886373,-1.1721659652149876,-1.1172719187848266
0.9818059094994881,-1.4120258280441704,-0.5639894296372036,-0.7254629662338462,2.687245381059137,0.7023934912237147,2.1226761212625953,1.328454760576986,-0.48680636488556545
0.22934756393881242,-1.1957048466391302,-0.4433928486224658,0.03017454212070896,-0.5513018214712059,-0.7461478958741764,-0.7053361034224528,-1.5628879536199833,-0.8020391418351969
-1.5765524654068095,0.5889432499524501,-1.166972334710892,-0.27208046122111296,-0.767204968306562,-0.7108176181400815,-0.40765060608718756,0.46886638608599457,-0.8020391418351969
-0.9745857889582691,2.0491098744364704,0.6419763805101733,2.0452078977328583,-0.5513018214712059,-0.0748726189263732,-0.6309147290886373,0.15628879536199847,2.245211035344567
-0.2522257772200205,0.26446177784489,0.5213797994954354,-0.5743354645629348,-1.1990112619772746,-0.9934598400128408,-0.7053361034224528,-0.7032995791289922,-0.06649599561939076
0.22934756393881242,-0.4385814117214902,-0.9257791726814164,-0.17132879344050542,-0.5513018214712059,-0.7814781736082713,-1.2262857237591744,-1.1721659652149876,-0.48680636488556545
0.6808225712752176,0.53486300460119,-0.4433928486224658,0.38280537935283604,-0.011543954382815382,0.4197512693509555,-0.03554373441810018,-0.5470107837669946,0.03858159669715244
0.34974089922852,-0.06001969426267004,0.5213797994954354,-0.3224562951114167,-0.659253394888884,2.150934878321606,-0.6309147290886373,-0.5470107837669946,-0.6969615495186537
-1.2153724595376851,2.1031901197877305,0.2801866374659604,0.5843087149140505,-0.011543954382815382,0.13710904747819624,-1.970499467097346,-0.2344331930429977,0.24873678133023885
-0.2522257772200205,1.4542271755726104,1.9685387716722877,0.9873153860364806,-1.3069628353949525,-1.1701112286833153,-0.7797574777562716,-0.39072198840499617,1.8249006660783924
0.16915089629395832,-1.2497850919903903,-0.9257791726814164,-0.4735837967823273,0.20435919245254083,-0.039542341192278285,0.4109845115848027,-1.2503103628959868,-1.432504695734458
1.5235759183031745,0.04814079643985008,0.5213797994954354,-0.17132879344050542,0.9600202063762875,0.45508154708505044,-0.03554373441810018,0.2344331930429977,0.24873678133023885
-0.3124224448648746,1.2379061941675702,0.6419763805101733,0.18130204379162096,0.20435919245254083,2.3629165447261755,-0.18438648308573446,-0.31257759072399693,-0.5918839572021086
-0.7337991183788527,0.7511839860062303,0.1595900564512226,-0.6750871323435425,2.795196954476815,0.3844209916168606,0.48540588591861816,1.7191767489819814,0.14365918901369565
0.5303309021630823,-0.4385814117214902,0.0389934754364848,0.08055037601101343,-0.9831081151419183,-0.8168084513423662,-0.18438648308573446,-0.31257759072399693,-0.17157358793593583
-1.3959624624722475,0.37262226854741015,-0.3830945581150972,-0.9269663017950612,-0.22744710121817158,-0.5694965072037019,-0.40765060608718756,1.562887953619983,1.404590296812218
1.4934775844807475,-1.4120258280441704,-0.6845860106519411,-0.77583880012415,2.0395359405530686,0.3137604361486708,2.2715188699302296,0.31257759072399693,-0.48680636488556545
-1.4561591301171013,1.0756654581137903,-0.6845860106519411,-1.5818521423690095,-1.0910596885595965,-1.0641203954810305,-2.0449208414311615,1.1721659652149876,-0.17157358793593583
2.095444260929288,-1.4120258280441704,1.1243627045691238,0.7354362165849617,1.1759233532116438,0.6317329357555249,2.1226761212625953,0.625155181447993,-0.5918839572021086
-1.3959624624722475,0.7511839860062303,-0.8051825916666789,-0.7254629662338462,-0.767204968306562,-0.8168084513423662,0.559827260252437,-0.31257759072399693,0.14365918901369565
2.6372142697329743,-0.33042092101897,-0.4433928486224658,-1.732979644039921,-0.011543954382815382,0.59640265802143,0.3365631372509839,-1.5628879536199833,0.5639695582798703
0.40993756687337407,-0.1140999396139301,1.1243627045691238,0.9873153860364806,0.5282139127055752,0.13710904747819624,-0.40765060608718756,0.2344331930429977,-0.8020391418351969
1.4031825830134663,-1.4120258280441704,-0.5639894296372036,0.1309262099013172,-0.9831081151419183,-1.0994506732151255,0.1877203885833496,-1.1721659652149876,-0.6969615495186537
-0.5532091154442906,0.85934447670875,3.777487486893353,-0.5239596306726318,1.391826500047,2.998861543939884,0.7830913832538867,0.5470107837669937,0.14365918901369565
-1.5163557977619555,1.5083074209238705,-0.08160310557825298,-0.8262146340144537,-0.8751565417242402,-0.6048267849377968,-1.0774429750915402,-0.8595883744909907,2.245211035344567
-0.7939957860237068,0.7511839860062303,-1.2875689157256296,-1.8841071457108323,1.0679717797939656,0.24309988068048097,-0.8541788520900871,1.4847435559389837,0.5639695582798703
-2.17851914185535,0.9675049674112702,0.1595900564512226,-0.6750871323435425,0.20435919245254083,-0.42817539626732226,0.2621417629171684,-0.7814439768099914,2.140133443028024
0.40993756687337407,-1.3038653373416504,-0.08160310557825298,0.03017454212070896,0.9600202063762875,1.7976321009806568,1.750569249593508,-0.8595883744909907,-0.6969615495186537
-0.7939957860237068,1.9950296290852103,-0.08160310557825298,0.4835570471334429,-0.9831081151419183,-0.8874690068105561,-1.1518643494253558,-1.1721659652149876,-0.9071167341517401
1.0119042433219145,-0.8171431291803103,-1.166972334710892,0.1309262099013172,-0.767204968306562,-0.6754873404059867,-3.235662830772236,-1.328454760576986,-0.6969615495186537
-0.011439106640604017,-0.7630628838290502,0.7625729615249109,-0.7254629662338462,-0.33539867463584966,0.3490907138827657,0.3365631372509839,-0.5470107837669946,-1.3274271034179148
-0.7939957860237068,0.6430234953037102,-1.0463757536961542,-1.1788454712465797,-0.5513018214712059,-0.4988359517355121,-0.40765060608718756,0.7814439768099914,-0.5918839572021086
-1.3959624624722475,0.53486300460119,-0.20219968659299023,-1.682603810149617,2.1474875139707468,0.3490907138827657,-0.33322923175336877,2.891342714196969,2.140133443028024
-0.37261911250972835,-0.1140999396139301,-0.8051825916666789,-0.2217046273308092,0.31231076587021894,-0.32218456306503757,0.559827260252437,-0.31257759072399693,0.24873678133023885
-0.6736024507339989,0.5889432499524501,-0.08160310557825298,0.4835570471334429,-0.5513018214712059,-0.7108176181400815,-0.5564933547548185,-0.625155181447993,0.14365918901369565
-0.19202910957516636,-0.8712233745315702,-0.08160310557825298,-0.3728321290017198,-0.33539867463584966,-0.4635056740014172,0.7830913832538867,-0.4688663860859954,-0.17157358793593583
-1.1551757918928311,-0.16818018496519002,-0.8051825916666789,-0.2217046273308092,0.31231076587021894,0.06644849201000644,-0.18438648308573446,0.07814439768099923,-1.1172719187848266
-1.4561591301171013,1.6164679116263907,-0.5639894296372036,-0.3224562951114167,0.20435919245254083,0.59640265802143,-1.1518643494253558,-0.4688663860859954,-0.5918839572021086
0.7711175727424987,-1.3038653373416504,-0.322796267607728,-0.17132879344050542,-0.767204968306562,-0.9934598400128408,0.2621417629171684,-0.15628879536199847,0.03858159669715244
